GEO_CODE,GEO_NAME,0 to 14 years,15 to 29 minutes,15 to 64 years,3 Health occupations,30 to 44 minutes,45 to 59 minutes,60 minutes and over,65 years and over,All occupations,Apprenticeship or trades certificate or diploma,Average government transfers in 2015 among recipients ($),Average total income in 2015 among recipients ($),Bachelor's degree,Certificate of Apprenticeship or Certificate of Qualification,"College, CEGEP or other non-university certificate or diploma","Degree in medicine, dentistry, veterinary medicine or optometry",Earned doctorate,Employment rate,Health and related fields,Land area in square kilometres,Less than 15 minutes,Master's degree,Median after-tax income in 2015 among recipients ($),Median government transfers in 2015 among recipients ($),Median total income in 2015 among recipients ($),"No certificate, diploma or degree",Number of government transfers recipients aged 15 years and over in private households - 100% data,Participation rate,Population density per square kilometre,"Population, 2011","Population, 2016","Postsecondary certificate, diploma or degree","Prevalence of low income based on the Low-income measure, after tax (LIM-AT) (%)",Secondary (high) school diploma or equivalency certificate,Total - Commuting duration for the employed labour force aged 15 years and over in private households with a usual place of work or no fixed workplace address - 25% sample data,"Total - Highest certificate, diploma or degree for the population aged 15 years and over in private households - 25% sample data","Total - Highest certificate, diploma or degree for the population aged 25 to 64 years in private households - 25% sample data",Total - Major field of study - Classification of Instructional Programs (CIP) 2016 for the population aged 15 years and over in private households - 25% sample data,Trades certificate or diploma other than Certificate of Apprenticeship or Certificate of Qualification,Unemployment rate,University certificate or diploma above bachelor level,University certificate or diploma below bachelor level,"University certificate, diploma or degree at bachelor level or above",GEO_ID_CODE,GEO_UID,PROV_TERR_ID_CODE,PROV_TERR_NAME_NOM,GEO_NAME_NOM,GEO_TYPE,GEO_GNR_SF,GEO_GNR_LF,GEO_DQ,lng,lat,pharmacies
11,Altona,18.8,125.0,59.9,140.0,125.0,25.0,60.0,15.0,1980.0,200.0,7889.0,38657.0,210.0,70.0,315.0,10.0,0.0,61.5,155.0,4.53,1435.0,35.0,28587.0,6348.0,31957.0,370.0,2170.0,63.9,919.0,4013.0,4167.0,855.0,17.4,675.0,1775.0,3120.0,1895.0,3120.0,130.0,3.8,40.0,40.0,300.0,11,2016S05100011,46,Manitoba,Altona,,6.9,4.6,0,-97.5609256894579,49.1015086018737,3
20,Armstrong,15.5,785.0,58.6,155.0,270.0,70.0,85.0,15.0,2245.0,320.0,9029.0,38857.0,145.0,200.0,695.0,0.0,0.0,52.5,240.0,5.22,800.0,45.0,28713.0,8567.0,31987.0,255.0,2940.0,56.2,979.8,4830.0,5114.0,1275.0,13.7,960.0,2010.0,4075.0,2490.0,4075.0,115.0,6.6,20.0,50.0,210.0,20,2016S05100020,59,British Columbia,Armstrong,,6.7,6.8,0,-119.19785053074,50.4448513100121,2
24,Ashcroft,10.6,65.0,50.7,25.0,55.0,15.0,25.0,10.0,445.0,95.0,10329.0,37334.0,45.0,50.0,85.0,0.0,0.0,41.3,40.0,2.04,220.0,10.0,27960.0,11664.0,29675.0,105.0,715.0,44.8,530.3,1151.0,1084.0,270.0,16.7,225.0,380.0,1000.0,600.0,1000.0,45.0,7.8,10.0,30.0,60.0,24,2016S05100024,59,British Columbia,Ashcroft,,7.8,14.9,111,-121.273514404526,50.7290878674206,2
45,Bathurst,11.3,1605.0,61.1,745.0,340.0,115.0,180.0,70.0,6475.0,670.0,9912.0,36197.0,1005.0,320.0,2260.0,55.0,15.0,45.7,1040.0,25.15,3425.0,150.0,25278.0,9453.0,27388.0,1395.0,9925.0,51.6,618.5,15990.0,15557.0,4345.0,23.1,2005.0,5660.0,12925.0,7745.0,12920.0,350.0,11.3,80.0,110.0,1300.0,45,2016S05100045,13,New Brunswick,Bathurst,,5.1,5.8,0,-65.6843502130585,47.6760671630856,11
46,Bay Roberts,16.5,545.0,63.7,205.0,215.0,125.0,560.0,30.0,3150.0,730.0,10707.0,43108.0,385.0,390.0,1150.0,0.0,10.0,47.1,355.0,17.56,1190.0,135.0,27456.0,10069.0,29948.0,420.0,4430.0,54.6,404.4,6812.0,7100.0,2525.0,16.0,760.0,2640.0,5865.0,3710.0,5865.0,340.0,13.6,25.0,90.0,555.0,46,2016S05100046,10,Newfoundland and Labrador,Bay Roberts,,3.4,8.2,0,-53.2807744953012,47.6024053298474,12
51,Beausejour,15.2,185.0,59.8,115.0,265.0,185.0,130.0,10.0,1510.0,150.0,8609.0,40987.0,140.0,100.0,355.0,0.0,0.0,57.2,180.0,2.49,570.0,45.0,30320.0,8612.0,33902.0,205.0,1775.0,60.8,1160.5,2842.0,2895.0,790.0,15.5,425.0,1335.0,2500.0,1420.0,2500.0,50.0,6.2,25.0,65.0,215.0,51,2016S05100051,46,Manitoba,Beausejour,,5.7,8.2,0,-96.5152486397001,50.0592408102245,12
72,Bishop's Falls,13.0,450.0,64.9,130.0,50.0,20.0,40.0,5.0,1145.0,180.0,10442.0,36452.0,85.0,90.0,470.0,0.0,0.0,41.2,160.0,5.77,340.0,10.0,24695.0,10704.0,26032.0,310.0,1760.0,51.8,447.3,2658.0,2581.0,750.0,21.9,435.0,890.0,2280.0,1500.0,2280.0,95.0,20.3,0.0,0.0,90.0,72,2016S05100072,10,Newfoundland and Labrador,Bishop's Falls,,3.8,12.8,11,-55.4976203279771,49.0104449329997,2
78,Boissevain,17.8,145.0,55.9,90.0,40.0,80.0,25.0,5.0,840.0,95.0,8112.0,55790.0,80.0,70.0,235.0,20.0,0.0,61.0,110.0,2.44,475.0,10.0,30067.0,8237.0,33760.0,90.0,920.0,62.9,679.7,1572.0,1656.0,475.0,15.2,230.0,760.0,1335.0,790.0,1335.0,20.0,2.4,10.0,25.0,120.0,78,2016S05100078,46,Manitoba,Boissevain,,6.0,9.3,0,-100.059843921742,49.2304977168013,1
82,Bonavista,12.0,115.0,63.3,160.0,55.0,25.0,70.0,10.0,1455.0,210.0,11992.0,33042.0,95.0,70.0,345.0,10.0,0.0,41.2,135.0,4.2,780.0,45.0,23849.0,13132.0,25606.0,520.0,2285.0,56.9,746.9,3304.0,3140.0,725.0,22.3,530.0,1045.0,2670.0,1780.0,2670.0,140.0,28.0,0.0,30.0,145.0,82,2016S05100082,10,Newfoundland and Labrador,Bonavista,,4.7,7.4,0,-53.1093941723061,48.6532997194351,4
84,Botwood,13.0,185.0,58.9,125.0,185.0,20.0,35.0,15.0,1055.0,210.0,11413.0,32633.0,55.0,75.0,380.0,0.0,0.0,37.4,140.0,4.44,420.0,70.0,23168.0,11195.0,24192.0,285.0,1840.0,48.1,623.0,2657.0,2763.0,730.0,26.2,270.0,845.0,2285.0,1290.0,2280.0,130.0,22.3,0.0,15.0,130.0,84,2016S05100084,10,Newfoundland and Labrador,Botwood,,5.5,11.0,10,-55.3540681956933,49.1434817480063,2
91,Brandon,19.0,6150.0,65.5,2540.0,1540.0,465.0,545.0,125.0,26015.0,2230.0,6954.0,44563.0,4075.0,1260.0,5735.0,195.0,225.0,64.8,3045.0,28.32,15020.0,765.0,32081.0,4099.0,36568.0,3320.0,27315.0,69.9,1706.4,45624.0,48324.0,14215.0,15.9,7465.0,23720.0,37935.0,25000.0,37935.0,970.0,7.4,385.0,605.0,5640.0,91,2016S05100091,46,Manitoba,Brandon,,3.6,4.4,0,-99.9575330049332,49.8436836061515,20
105,Bouctouche,10.5,150.0,62.5,35.0,100.0,35.0,0.0,5.0,760.0,55.0,11345.0,32085.0,75.0,30.0,185.0,0.0,0.0,44.6,50.0,4.02,295.0,10.0,24384.0,11659.0,26389.0,340.0,1150.0,55.4,428.5,1709.0,1722.0,365.0,24.9,215.0,590.0,1390.0,915.0,1385.0,30.0,18.8,10.0,35.0,85.0,105,2016S05100105,13,New Brunswick,Bouctouche,,4.1,7.2,0,-64.7183639013081,46.4721032167604,2
107,Burgeo,6.9,45.0,64.5,55.0,0.0,10.0,30.0,10.0,595.0,105.0,12652.0,31925.0,35.0,35.0,175.0,0.0,0.0,29.1,45.0,1.98,250.0,0.0,22645.0,13045.0,24080.0,215.0,1010.0,48.8,660.4,1464.0,1307.0,330.0,22.8,200.0,335.0,1215.0,745.0,1220.0,65.0,40.3,0.0,20.0,35.0,107,2016S05100107,10,Newfoundland and Labrador,Burgeo,,5.1,10.8,10,-57.6219378523908,47.6147772058643,2
110,Burns Lake,20.2,115.0,66.6,55.0,25.0,25.0,70.0,0.0,895.0,105.0,7406.0,37695.0,130.0,65.0,220.0,0.0,0.0,53.5,80.0,2.95,525.0,10.0,26944.0,4699.0,29152.0,215.0,1030.0,62.3,655.6,2222.0,1932.0,515.0,18.8,285.0,760.0,1490.0,1015.0,1490.0,40.0,14.1,10.0,40.0,150.0,110,2016S05100110,59,British Columbia,Burns Lake,,14.8,22.2,1223,-125.752546515258,54.2339006543337,3
119,Campbell River,15.5,4170.0,63.3,1245.0,1050.0,460.0,1190.0,155.0,17000.0,2470.0,9393.0,43239.0,1790.0,1510.0,4800.0,105.0,30.0,54.1,2105.0,30.72,7820.0,475.0,30004.0,8398.0,33217.0,2210.0,20715.0,59.9,1143.9,33448.0,35138.0,10370.0,15.0,5780.0,14690.0,28985.0,18360.0,28980.0,960.0,9.7,205.0,510.0,2595.0,119,2016S05100119,59,British Columbia,Campbell River,,4.2,4.2,0,-125.242753689108,49.9959335516974,14
122,Campbellton,13.9,665.0,62.4,660.0,140.0,35.0,160.0,45.0,4530.0,600.0,9987.0,34667.0,550.0,180.0,1510.0,60.0,10.0,46.3,790.0,21.23,2850.0,130.0,24819.0,9521.0,26444.0,1020.0,6815.0,53.5,504.8,11990.0,10716.0,3065.0,24.5,1285.0,3860.0,8690.0,5380.0,8690.0,420.0,13.7,60.0,150.0,805.0,122,2016S05100122,13,New Brunswick/Quebec,Campbellton,,7.7,8.2,1,-66.7001737575328,47.9961546017104,6
134,Caraquet,11.6,210.0,62.2,55.0,90.0,45.0,10.0,15.0,1500.0,250.0,11219.0,41366.0,260.0,95.0,375.0,10.0,10.0,52.6,100.0,7.63,900.0,60.0,27627.0,10064.0,30416.0,215.0,2025.0,58.1,407.5,3079.0,3108.0,1110.0,18.1,355.0,1255.0,2615.0,1685.0,2620.0,155.0,9.9,60.0,85.0,400.0,134,2016S05100134,13,New Brunswick,Caraquet,,3.2,4.3,0,-64.9389964135421,47.7898644206105,4
135,Carberry,18.5,100.0,57.1,30.0,165.0,25.0,10.0,5.0,800.0,100.0,9443.0,40552.0,80.0,65.0,200.0,0.0,0.0,57.8,80.0,1.75,400.0,25.0,33504.0,8640.0,38272.0,135.0,925.0,60.1,961.3,1669.0,1682.0,405.0,9.8,240.0,695.0,1345.0,780.0,1340.0,35.0,3.7,0.0,0.0,100.0,135,2016S05100135,46,Manitoba,Carberry,,5.8,5.3,0,-99.3644418353616,49.8707745486475,5
136,Carbonear,13.5,415.0,62.2,165.0,145.0,70.0,390.0,20.0,2830.0,565.0,11087.0,37520.0,310.0,315.0,1015.0,0.0,0.0,44.6,320.0,10.83,1315.0,80.0,24783.0,11144.0,26573.0,525.0,4335.0,54.3,601.8,6309.0,6520.0,2090.0,19.8,815.0,2330.0,5395.0,3430.0,5395.0,260.0,17.9,20.0,85.0,415.0,136,2016S05100136,10,Newfoundland and Labrador,Carbonear,,5.4,9.5,0,-53.2266436185542,47.7153330446543,6
142,Carman,17.1,160.0,53.0,80.0,105.0,75.0,95.0,10.0,1340.0,85.0,9493.0,54095.0,175.0,15.0,320.0,10.0,10.0,53.5,155.0,2.85,795.0,50.0,29777.0,9901.0,33024.0,240.0,1760.0,56.5,1045.7,2839.0,2980.0,730.0,14.6,345.0,1225.0,2395.0,1320.0,2400.0,70.0,5.2,15.0,75.0,255.0,142,2016S05100142,46,Manitoba,Carman,,6.2,7.5,0,-98.0083336175955,49.504826401631,9
146,Castlegar,14.7,1320.0,63.2,350.0,540.0,155.0,80.0,25.0,4470.0,790.0,9020.0,42903.0,495.0,555.0,1310.0,15.0,15.0,56.0,490.0,14.74,1825.0,150.0,30229.0,7957.0,33321.0,355.0,5190.0,60.9,612.1,8815.0,9023.0,2925.0,14.4,1360.0,3910.0,7430.0,4635.0,7430.0,235.0,8.1,40.0,110.0,715.0,146,2016S05100146,59,British Columbia,Castlegar,,6.5,7.4,1,-117.657853884216,49.2951005573657,5
155,Channel-Port aux Basques,12.8,185.0,60.6,55.0,40.0,10.0,20.0,10.0,1525.0,270.0,11212.0,34932.0,135.0,95.0,520.0,0.0,0.0,39.8,115.0,4.89,930.0,60.0,26071.0,11077.0,27744.0,400.0,2480.0,50.5,749.4,3818.0,3665.0,1015.0,17.8,465.0,1190.0,3090.0,1885.0,3095.0,175.0,21.5,0.0,35.0,195.0,155,2016S05100155,10,Newfoundland and Labrador,Channel-Port aux Basques,,6.2,12.1,10,-59.1541572591622,47.5797621634846,2
159,Charlottetown,14.8,6020.0,66.3,2020.0,1110.0,515.0,405.0,250.0,23460.0,1350.0,7721.0,41236.0,5565.0,530.0,6355.0,285.0,340.0,58.4,2555.0,49.3,12170.0,1690.0,28179.0,5858.0,31562.0,1785.0,26765.0,64.7,907.4,41613.0,44739.0,16665.0,20.5,4785.0,20230.0,36860.0,23235.0,36860.0,820.0,9.8,440.0,635.0,8325.0,159,2016S05100159,11,Prince Edward Island,Charlottetown,,4.4,4.4,0,-63.1247912696963,46.2509967705237,22
161,Chase,11.3,130.0,51.8,55.0,135.0,105.0,60.0,15.0,820.0,120.0,11853.0,35422.0,45.0,75.0,235.0,0.0,0.0,38.7,70.0,2.33,270.0,15.0,24466.0,11803.0,26606.0,195.0,1505.0,43.0,969.5,2463.0,2263.0,480.0,19.5,365.0,695.0,1940.0,1035.0,1940.0,40.0,10.2,0.0,55.0,60.0,161,2016S05100161,59,British Columbia,Chase,,6.7,11.6,11,-119.687910294146,50.8222044560169,1
169,Chemainus,8.3,290.0,50.2,45.0,160.0,55.0,85.0,15.0,1115.0,140.0,10503.0,37082.0,160.0,105.0,345.0,0.0,0.0,38.5,140.0,2.09,320.0,50.0,27776.0,11744.0,30120.0,135.0,2110.0,42.8,1447.6,2914.0,3021.0,780.0,15.2,415.0,900.0,2700.0,1330.0,2700.0,35.0,9.5,15.0,65.0,230.0,169,2016S05100169,59,British Columbia,Chemainus,,5.4,5.7,0,-123.724983800109,48.9258041995004,4
177,Chilliwack,17.7,9470.0,61.1,2420.0,4775.0,1670.0,3170.0,320.0,34680.0,4260.0,8853.0,39990.0,3715.0,2325.0,8070.0,185.0,90.0,56.0,3815.0,54.09,11585.0,1040.0,28463.0,8074.0,31225.0,4545.0,41755.0,60.2,1352.6,67374.0,73161.0,19975.0,16.0,11735.0,30670.0,58905.0,36255.0,58905.0,1935.0,7.0,640.0,1970.0,5680.0,177,2016S05100177,59,British Columbia,Chilliwack,,4.6,4.8,0,-121.962409016999,49.1460917197094,22
182,Clarenville-Shoal Harbour,17.7,260.0,64.2,295.0,210.0,110.0,175.0,10.0,2895.0,390.0,9396.0,50828.0,415.0,180.0,1075.0,20.0,10.0,55.9,335.0,12.34,1705.0,170.0,31141.0,8134.0,34731.0,310.0,3105.0,63.7,470.6,5472.0,5809.0,2150.0,11.6,605.0,2455.0,4610.0,3075.0,4615.0,210.0,12.2,20.0,55.0,635.0,182,2016S05100182,10,Newfoundland and Labrador,Clarenville-Shoal Harbour,,4.9,7.1,0,-53.9775988270907,48.1700209388718,14
204,Corner Brook,13.0,1530.0,64.2,1035.0,310.0,85.0,230.0,60.0,9070.0,1415.0,9812.0,40018.0,1360.0,615.0,3345.0,55.0,70.0,49.1,1275.0,21.75,5690.0,470.0,28278.0,9128.0,31104.0,1190.0,12335.0,56.7,898.7,19631.0,19547.0,6980.0,17.0,2120.0,7855.0,16550.0,10290.0,16555.0,795.0,13.4,75.0,190.0,2030.0,204,2016S05100204,10,Newfoundland and Labrador,Corner Brook,,4.6,6.9,0,-57.9598519757598,48.9471240842948,12
207,Courtenay,14.1,5450.0,58.8,1805.0,1015.0,635.0,835.0,245.0,20455.0,2605.0,9186.0,41563.0,3090.0,1545.0,5630.0,275.0,85.0,50.4,2820.0,55.47,9695.0,970.0,29864.0,9296.0,33251.0,2190.0,27600.0,54.9,811.6,43346.0,45018.0,13550.0,15.1,6375.0,17625.0,37865.0,22110.0,37865.0,1065.0,8.2,345.0,540.0,4775.0,207,2016S05100207,59,British Columbia,Courtenay,,3.8,4.3,0,-124.947820044487,49.6921445922716,8
210,Cranbrook,16.3,1295.0,63.2,685.0,475.0,250.0,555.0,50.0,9615.0,1240.0,8682.0,44560.0,1105.0,830.0,2625.0,70.0,25.0,58.2,1095.0,14.74,6055.0,350.0,30837.0,7863.0,34161.0,975.0,10720.0,63.1,1306.9,18761.0,19259.0,5785.0,13.7,3070.0,8625.0,15570.0,9825.0,15570.0,410.0,7.7,90.0,290.0,1635.0,210,2016S05100210,59,British Columbia,Cranbrook,,4.7,4.9,0,-115.757604975153,49.512072796171,8
212,Creston,10.7,190.0,52.4,160.0,55.0,15.0,65.0,45.0,1940.0,215.0,10479.0,34042.0,215.0,140.0,660.0,15.0,0.0,41.6,270.0,6.09,1325.0,30.0,24176.0,11315.0,25504.0,385.0,3450.0,44.4,857.5,5159.0,5226.0,1190.0,22.3,685.0,1650.0,4390.0,2260.0,4385.0,75.0,5.9,0.0,55.0,260.0,212,2016S05100212,59,British Columbia,Creston,,7.7,11.0,11,-116.512267400317,49.0988649539354,4
213,Cumberland,18.4,750.0,66.9,230.0,190.0,80.0,65.0,5.0,1975.0,290.0,8252.0,39184.0,380.0,160.0,530.0,10.0,15.0,64.9,310.0,3.92,620.0,75.0,30016.0,6421.0,33318.0,165.0,2025.0,69.8,918.7,3271.0,3600.0,1410.0,14.9,485.0,1710.0,2870.0,2055.0,2865.0,125.0,7.0,25.0,90.0,505.0,213,2016S05100213,59,British Columbia,Cumberland,,4.8,8.9,1,-125.030008514707,49.6242032226609,0
214,Dalhousie,8.5,190.0,53.2,150.0,70.0,35.0,20.0,15.0,840.0,135.0,11371.0,33873.0,95.0,55.0,365.0,10.0,0.0,36.7,175.0,2.59,385.0,10.0,23920.0,11556.0,25579.0,145.0,1630.0,43.2,908.3,2599.0,2351.0,645.0,23.3,315.0,695.0,1995.0,1110.0,1995.0,80.0,15.1,15.0,15.0,130.0,214,2016S05100214,13,New Brunswick,Dalhousie,,6.7,5.1,0,-66.3720991925819,48.0627505530242,2
215,Dauphin,17.6,360.0,56.1,395.0,105.0,65.0,80.0,35.0,3465.0,230.0,9285.0,38218.0,475.0,95.0,820.0,30.0,0.0,54.7,500.0,7.01,2525.0,85.0,28552.0,8112.0,31570.0,500.0,4620.0,58.3,1154.8,7779.0,8095.0,1830.0,20.8,1160.0,3140.0,6025.0,3485.0,6025.0,135.0,6.3,65.0,125.0,655.0,215,2016S05100215,46,Manitoba,Dauphin,,7.7,6.0,0,-100.049047068036,51.1507135645493,6
217,Dawson Creek,19.6,810.0,68.3,475.0,255.0,165.0,315.0,15.0,6305.0,775.0,7222.0,50079.0,700.0,535.0,1360.0,30.0,15.0,63.0,620.0,12.48,3885.0,120.0,35734.0,4672.0,40242.0,1075.0,5580.0,71.6,927.4,10987.0,11574.0,3220.0,12.7,1895.0,5435.0,8985.0,6190.0,8985.0,235.0,12.1,65.0,160.0,930.0,217,2016S05100217,59,British Columbia,Dawson Creek,,6.1,7.8,1,-120.228595992706,55.7574483752814,6
219,Deer Lake,15.0,170.0,61.9,170.0,175.0,115.0,60.0,20.0,2080.0,380.0,10382.0,37907.0,170.0,180.0,730.0,10.0,0.0,44.7,155.0,7.94,1075.0,60.0,25128.0,9928.0,27315.0,395.0,2935.0,55.3,579.5,4552.0,4602.0,1435.0,17.7,630.0,1600.0,3850.0,2460.0,3845.0,200.0,19.3,15.0,70.0,255.0,219,2016S05100219,10,Newfoundland and Labrador,Deer Lake,,4.7,8.0,0,-57.4389226196333,49.1777443701423,9
243,Duncan,16.6,2855.0,59.8,835.0,675.0,435.0,775.0,80.0,10340.0,1370.0,9216.0,38054.0,1195.0,760.0,2515.0,75.0,25.0,52.4,1375.0,21.74,4475.0,315.0,27052.0,8811.0,29406.0,1625.0,13985.0,56.7,1070.5,22539.0,23278.0,6150.0,21.0,3550.0,9220.0,18685.0,11320.0,18685.0,610.0,7.6,210.0,460.0,1810.0,243,2016S05100243,59,British Columbia,Duncan,,5.5,6.2,0,-123.697912607301,48.7869092436061,12
253,Edmundston,12.2,1055.0,59.9,655.0,225.0,90.0,110.0,50.0,5445.0,950.0,9153.0,36517.0,790.0,330.0,1190.0,110.0,55.0,51.7,775.0,17.88,3300.0,165.0,26443.0,8569.0,28803.0,765.0,7460.0,56.6,675.9,12005.0,12086.0,3495.0,20.7,1800.0,4785.0,9835.0,6060.0,9835.0,620.0,8.6,80.0,155.0,1195.0,253,2016S05100253,13,New Brunswick,Edmundston,,5.5,4.8,0,-68.3341996676482,47.3814869532794,25
262,Enderby,14.7,365.0,56.3,80.0,280.0,15.0,65.0,20.0,1230.0,220.0,10463.0,33627.0,120.0,135.0,320.0,0.0,0.0,45.5,105.0,4.26,325.0,25.0,24562.0,10988.0,26288.0,215.0,1955.0,50.5,695.3,2932.0,2964.0,730.0,21.3,475.0,1050.0,2480.0,1420.0,2480.0,85.0,9.6,10.0,30.0,160.0,262,2016S05100262,59,British Columbia,Enderby,,5.6,7.9,1,-119.143881302485,50.5550093665225,2
280,Fernie,18.0,360.0,68.5,220.0,200.0,150.0,255.0,5.0,2830.0,450.0,6514.0,56223.0,705.0,350.0,675.0,30.0,15.0,69.9,325.0,4.46,1455.0,130.0,35046.0,4304.0,39381.0,135.0,2300.0,75.9,1087.5,4156.0,4850.0,2125.0,9.6,645.0,2415.0,3760.0,2900.0,3760.0,100.0,7.9,25.0,105.0,900.0,280,2016S05100280,59,British Columbia,Fernie,,7.9,13.7,111,-115.06773784052,49.4996400244468,3
282,Flin Flon,17.3,295.0,67.2,195.0,90.0,20.0,105.0,5.0,2535.0,365.0,8215.0,51712.0,300.0,275.0,680.0,0.0,0.0,61.7,280.0,4.36,1840.0,20.0,35921.0,6544.0,41104.0,380.0,2470.0,66.1,1099.7,5103.0,4791.0,1435.0,12.8,840.0,2345.0,3905.0,2655.0,3900.0,85.0,6.8,15.0,45.0,345.0,282,2016S05100282,46,Manitoba/Saskatchewan,Flin Flon,,5.6,9.3,1,-101.871224839526,54.7601311739898,4
293,Fort Nelson,20.4,315.0,73.0,75.0,60.0,15.0,105.0,5.0,2055.0,265.0,6797.0,57830.0,180.0,140.0,475.0,10.0,20.0,66.1,140.0,4.68,1235.0,30.0,39652.0,3680.0,44544.0,350.0,1515.0,76.5,719.1,3561.0,3366.0,1065.0,12.1,655.0,1730.0,2725.0,2065.0,2720.0,125.0,13.7,20.0,65.0,260.0,293,2016S05100293,59,British Columbia,Fort Nelson,,6.4,13.6,111,-122.694008964118,58.8106063700238,2
297,Fort St. James,19.5,175.0,68.5,20.0,10.0,25.0,60.0,5.0,790.0,90.0,7679.0,42479.0,75.0,55.0,175.0,0.0,0.0,56.3,40.0,1.64,395.0,10.0,31573.0,4840.0,34016.0,235.0,835.0,66.9,920.3,1393.0,1510.0,375.0,11.5,240.0,670.0,1220.0,855.0,1220.0,35.0,16.5,10.0,25.0,95.0,297,2016S05100297,59,British Columbia,Fort St. James,,4.9,12.0,111,-124.257003532447,54.4381459819839,1
298,Fort St. John,21.3,1940.0,71.9,575.0,290.0,120.0,615.0,30.0,12085.0,1690.0,5794.0,60232.0,1500.0,1130.0,2180.0,40.0,40.0,70.3,795.0,14.17,7455.0,325.0,42307.0,2643.0,48814.0,1390.0,8395.0,78.9,1404.3,18572.0,19897.0,6175.0,7.9,3795.0,10430.0,15465.0,11360.0,15470.0,560.0,10.9,85.0,325.0,1985.0,298,2016S05100298,59,British Columbia,Fort St. John,,3.7,5.5,1,-120.841038426628,56.2453092121112,4
300,Fortune,13.9,40.0,58.4,20.0,15.0,20.0,15.0,0.0,395.0,95.0,12848.0,34952.0,10.0,45.0,120.0,0.0,0.0,36.1,35.0,0.52,220.0,0.0,22118.0,12640.0,22784.0,170.0,725.0,44.4,1926.9,1050.0,1007.0,225.0,23.9,120.0,310.0,900.0,525.0,900.0,50.0,18.8,0.0,0.0,15.0,300,2016S05100300,10,Newfoundland and Labrador,Fortune,,2.4,8.2,0,-55.8248375062256,47.072236937441,0
305,Fredericton,15.2,10590.0,67.4,2230.0,1815.0,495.0,595.0,250.0,31685.0,1740.0,7151.0,43014.0,8500.0,780.0,6785.0,290.0,695.0,59.9,2995.0,83.33,14100.0,2910.0,30124.0,5278.0,33448.0,1885.0,32795.0,65.8,712.9,56663.0,59405.0,22195.0,18.8,7205.0,27605.0,49235.0,31285.0,49235.0,960.0,8.9,695.0,585.0,13090.0,305,2016S05100305,13,New Brunswick,Fredericton,,3.9,4.0,0,-66.6279895874762,45.946894905969,20
311,Gander,15.6,250.0,65.2,430.0,105.0,35.0,175.0,15.0,4930.0,560.0,8989.0,46054.0,640.0,280.0,1825.0,25.0,10.0,54.2,585.0,12.14,3820.0,265.0,30866.0,8211.0,34392.0,640.0,5760.0,60.6,842.0,10229.0,10220.0,3465.0,13.2,1360.0,4390.0,8305.0,5470.0,8305.0,275.0,10.6,60.0,80.0,1000.0,311,2016S05100311,10,Newfoundland and Labrador,Gander,,3.0,3.1,0,-54.5933094747605,48.9532632354097,8
316,Gibsons,12.8,1050.0,60.0,355.0,540.0,75.0,325.0,50.0,4585.0,545.0,8792.0,44536.0,615.0,290.0,980.0,10.0,30.0,56.0,410.0,13.73,1680.0,350.0,29672.0,8478.0,32861.0,445.0,5505.0,59.5,665.2,8767.0,9132.0,2810.0,16.7,1265.0,3670.0,7770.0,4520.0,7775.0,260.0,5.9,120.0,155.0,1130.0,316,2016S05100316,59,British Columbia,Gibsons,,6.8,6.6,1,-123.522415571444,49.4046207367019,3
317,Gimli,11.8,105.0,54.3,75.0,70.0,60.0,100.0,5.0,1005.0,110.0,9703.0,37409.0,140.0,70.0,185.0,0.0,0.0,50.1,70.0,3.01,520.0,15.0,28365.0,10944.0,31757.0,155.0,1440.0,55.3,746.6,2127.0,2246.0,480.0,15.1,370.0,845.0,1845.0,1000.0,1850.0,35.0,9.8,0.0,30.0,160.0,317,2016S05100317,46,Manitoba,Gimli,,9.7,11.6,111,-96.9938417074877,50.6321905083069,5
326,Golden,15.4,250.0,69.0,95.0,65.0,35.0,100.0,15.0,1830.0,215.0,7079.0,43821.0,250.0,135.0,435.0,0.0,0.0,64.1,175.0,4.76,1145.0,75.0,33184.0,5136.0,37056.0,190.0,1685.0,69.8,680.1,3262.0,3240.0,1040.0,11.2,560.0,1590.0,2635.0,1785.0,2630.0,80.0,8.4,15.0,50.0,345.0,326,2016S05100326,59,British Columbia,Golden,,9.6,12.2,111,-116.963087567699,51.2997482301158,3
329,Grand Bank,10.1,55.0,59.7,65.0,55.0,35.0,90.0,10.0,960.0,155.0,11359.0,35841.0,50.0,65.0,315.0,0.0,0.0,39.5,110.0,2.32,490.0,40.0,23851.0,11746.0,25024.0,315.0,1570.0,49.7,960.1,2360.0,2230.0,585.0,19.8,310.0,730.0,1960.0,1210.0,1960.0,95.0,21.0,0.0,20.0,95.0,329,2016S05100329,10,Newfoundland and Labrador,Grand Bank,,3.4,7.5,0,-55.7541474435609,47.0973383929782,3
331,Grand Falls / Grand-Sault,12.9,215.0,60.8,160.0,85.0,25.0,70.0,25.0,1870.0,215.0,9485.0,34301.0,280.0,85.0,410.0,10.0,0.0,48.3,185.0,5.3,1265.0,45.0,25910.0,9872.0,27973.0,355.0,2680.0,53.1,795.9,4201.0,4221.0,1075.0,21.6,745.0,1655.0,3595.0,2170.0,3595.0,135.0,9.2,35.0,85.0,360.0,331,2016S05100331,13,New Brunswick,Grand Falls,,3.7,4.9,0,-67.7413252720658,47.050468306756,3
332,Grand Falls-Windsor,14.2,455.0,63.8,550.0,170.0,55.0,180.0,35.0,5410.0,845.0,9952.0,39114.0,685.0,500.0,2105.0,30.0,15.0,45.2,715.0,11.42,3620.0,235.0,27341.0,9761.0,29992.0,915.0,7535.0,54.9,1054.8,12209.0,12046.0,4070.0,18.1,1470.0,4475.0,10170.0,6460.0,10175.0,345.0,17.7,50.0,100.0,1015.0,332,2016S05100332,10,Newfoundland and Labrador,Grand Falls-Windsor,,3.7,2.8,0,-55.6480623003597,48.943387716933,8
333,Grand Forks,12.8,230.0,53.8,120.0,30.0,30.0,25.0,20.0,1630.0,295.0,9958.0,34009.0,165.0,145.0,510.0,0.0,10.0,45.7,145.0,7.39,1050.0,45.0,24885.0,11022.0,26466.0,235.0,2540.0,50.6,534.6,3892.0,3953.0,1100.0,20.6,610.0,1360.0,3280.0,1940.0,3280.0,145.0,9.3,20.0,55.0,235.0,333,2016S05100333,59,British Columbia,Grand Forks,,8.5,9.4,0,-118.447044493615,49.02887999788,4
350,Hampton,18.6,450.0,59.4,125.0,505.0,45.0,70.0,5.0,1640.0,165.0,8943.0,45802.0,315.0,80.0,560.0,10.0,0.0,56.7,140.0,7.85,375.0,105.0,32384.0,8436.0,36594.0,100.0,1730.0,61.9,437.9,3440.0,3436.0,1195.0,10.4,380.0,1450.0,2700.0,1675.0,2700.0,85.0,8.4,10.0,30.0,445.0,350,2016S05100350,13,New Brunswick,Hampton,,3.6,6.2,0,-65.8277999040543,45.5278526124902,3
354,Happy Valley-Goose Bay,16.9,570.0,71.0,230.0,105.0,120.0,200.0,15.0,3635.0,560.0,7764.0,56864.0,450.0,260.0,1160.0,25.0,0.0,65.1,210.0,12.66,2285.0,90.0,40688.0,6192.0,46371.0,495.0,3155.0,71.0,506.3,6518.0,6408.0,2415.0,8.6,695.0,3275.0,5160.0,3605.0,5160.0,300.0,8.3,20.0,105.0,585.0,354,2016S05100354,10,Newfoundland and Labrador,Happy Valley-Goose Bay,,5.6,6.6,0,-60.3311235603312,53.3059992217327,3
376,Hope,12.3,160.0,58.3,105.0,195.0,75.0,170.0,25.0,1690.0,275.0,9930.0,34800.0,145.0,145.0,410.0,0.0,0.0,44.9,210.0,4.45,875.0,35.0,24016.0,10683.0,25867.0,380.0,2715.0,50.5,913.4,3911.0,4067.0,1005.0,24.3,630.0,1475.0,3505.0,2015.0,3505.0,130.0,11.0,45.0,100.0,225.0,376,2016S05100376,59,British Columbia,Hope,,8.7,15.0,111,-121.442618314106,49.3758234236263,3
389,Invermere,15.5,315.0,63.3,115.0,90.0,10.0,55.0,5.0,1610.0,225.0,7252.0,44212.0,230.0,135.0,440.0,25.0,0.0,65.4,240.0,3.21,965.0,45.0,32448.0,5124.0,36800.0,105.0,1500.0,69.5,898.5,2537.0,2882.0,1050.0,11.9,295.0,1435.0,2315.0,1440.0,2315.0,90.0,5.9,15.0,60.0,315.0,389,2016S05100389,59,British Columbia,Invermere,,10.5,11.3,1111,-116.029748163945,50.5036126000936,2
397,Kamloops,14.9,14770.0,66.2,3500.0,2335.0,1060.0,1720.0,300.0,40775.0,4835.0,7936.0,45464.0,6455.0,3100.0,8870.0,290.0,240.0,59.6,4570.0,56.27,16480.0,1665.0,31503.0,6450.0,35096.0,3615.0,44000.0,64.7,1386.6,72755.0,78026.0,25295.0,13.7,12295.0,36375.0,64000.0,41200.0,64000.0,1735.0,7.8,785.0,2155.0,9435.0,397,2016S05100397,59,British Columbia,Kamloops,,5.0,5.7,0,-120.342176245325,50.6879912768024,23
403,Kelowna,14.2,28970.0,64.1,6420.0,8270.0,2145.0,2165.0,735.0,79375.0,8670.0,7949.0,46227.0,11645.0,5285.0,21035.0,575.0,580.0,59.4,9445.0,136.44,26880.0,3305.0,30503.0,6534.0,33956.0,6665.0,87865.0,63.8,1113.8,140131.0,151957.0,49760.0,13.0,22210.0,68425.0,126375.0,78635.0,126375.0,3385.0,6.8,1280.0,2665.0,17395.0,403,2016S05100403,59,British Columbia,Kelowna,,4.8,5.9,0,-119.498465368833,49.8648129094059,38
407,Kensington,15.4,315.0,61.5,60.0,65.0,45.0,20.0,5.0,825.0,100.0,9218.0,36981.0,130.0,45.0,240.0,0.0,15.0,57.1,70.0,2.24,225.0,30.0,27360.0,9424.0,30336.0,45.0,1000.0,65.5,698.4,1454.0,1562.0,530.0,17.9,215.0,670.0,1255.0,795.0,1255.0,50.0,12.7,0.0,10.0,180.0,407,2016S05100407,11,Prince Edward Island,Kensington,,3.1,5.9,0,-63.6398364559172,46.4352273681285,2
410,Killarney,17.0,125.0,54.2,70.0,45.0,10.0,30.0,10.0,920.0,120.0,9279.0,36786.0,125.0,50.0,230.0,10.0,0.0,53.0,115.0,2.94,580.0,25.0,28211.0,8974.0,31637.0,120.0,1215.0,56.4,730.9,1974.0,2150.0,555.0,16.6,240.0,800.0,1645.0,910.0,1645.0,70.0,6.5,15.0,30.0,175.0,410,2016S05100410,46,Manitoba,Killarney,,6.6,5.5,0,-99.6663152115854,49.1805943589222,0
411,Kimberley,16.3,470.0,62.0,175.0,465.0,45.0,115.0,10.0,2280.0,280.0,8785.0,42580.0,310.0,210.0,650.0,10.0,20.0,58.8,260.0,4.42,880.0,110.0,30965.0,7616.0,34397.0,175.0,2575.0,64.5,1020.4,4178.0,4513.0,1480.0,13.2,760.0,1975.0,3600.0,2420.0,3600.0,65.0,8.8,45.0,65.0,495.0,411,2016S05100411,59,British Columbia,Kimberley,,7.3,9.0,1,-115.982457472264,49.6803263720115,3
420,Kitimat,16.0,670.0,68.0,130.0,80.0,60.0,55.0,20.0,3215.0,500.0,9093.0,54200.0,285.0,365.0,860.0,0.0,10.0,55.1,235.0,4.25,1930.0,95.0,38981.0,7350.0,45069.0,465.0,3355.0,63.1,1505.9,6633.0,6394.0,1890.0,9.2,1195.0,2795.0,5200.0,3545.0,5200.0,135.0,12.8,30.0,110.0,420.0,420,2016S05100420,59,British Columbia,Kitimat,,4.9,5.2,0,-128.645504811174,54.0572445796509,3
438,Labrador City,18.9,1050.0,72.7,150.0,155.0,30.0,55.0,5.0,4885.0,1120.0,7152.0,67719.0,545.0,705.0,1730.0,0.0,10.0,64.9,245.0,14.04,3140.0,120.0,48780.0,4906.0,57203.0,365.0,3785.0,71.3,614.2,8800.0,8622.0,3665.0,4.8,1165.0,4430.0,6930.0,5190.0,6935.0,415.0,8.9,40.0,80.0,735.0,438,2016S05100438,10,Newfoundland and Labrador,Labrador City,,2.1,3.5,0,-66.8855537211462,52.9227108189735,4
447,Ladysmith,13.4,1365.0,58.2,365.0,1030.0,150.0,310.0,35.0,4890.0,720.0,9556.0,43321.0,635.0,430.0,1460.0,25.0,10.0,51.0,700.0,13.83,1350.0,195.0,31191.0,9813.0,34576.0,490.0,6440.0,55.1,769.1,9904.0,10637.0,3425.0,11.4,1440.0,4205.0,9080.0,5350.0,9080.0,290.0,7.3,65.0,310.0,925.0,447,2016S05100447,59,British Columbia,Ladysmith,,5.9,8.4,1,-123.800609951147,48.974789222743,3
449,Lake Cowichan,13.9,265.0,62.9,60.0,310.0,80.0,180.0,15.0,1390.0,190.0,9712.0,33442.0,80.0,115.0,365.0,0.0,0.0,49.0,145.0,3.71,350.0,30.0,24832.0,9305.0,26752.0,265.0,1995.0,55.8,811.6,2848.0,3013.0,745.0,20.6,620.0,1190.0,2645.0,1630.0,2645.0,80.0,11.9,10.0,60.0,125.0,449,2016S05100449,59,British Columbia,Lake Cowichan,,6.2,11.4,111,-124.047819380742,48.8256773124191,2
469,Lewisporte,12.0,65.0,52.0,70.0,55.0,75.0,35.0,5.0,770.0,170.0,12125.0,40042.0,115.0,70.0,265.0,10.0,0.0,39.0,120.0,1.87,390.0,40.0,25600.0,11760.0,27157.0,130.0,1370.0,46.7,1163.3,2126.0,2174.0,610.0,17.8,145.0,615.0,1685.0,880.0,1680.0,100.0,15.9,0.0,15.0,160.0,469,2016S05100469,10,Newfoundland and Labrador,Lewisporte,,6.8,5.7,0,-55.0651208398032,49.2401791876873,7
470,Lillooet,13.2,90.0,63.3,65.0,10.0,25.0,30.0,10.0,705.0,105.0,9472.0,34767.0,85.0,45.0,160.0,0.0,0.0,51.4,70.0,2.29,465.0,35.0,24848.0,8390.0,26624.0,170.0,1020.0,58.1,681.0,1545.0,1560.0,405.0,22.7,250.0,625.0,1265.0,835.0,1265.0,60.0,11.6,0.0,20.0,125.0,470,2016S05100470,59,British Columbia,Lillooet,,7.1,9.3,101,-121.933742149206,50.6945881687895,1
493,Mackenzie,18.6,305.0,71.2,35.0,45.0,0.0,125.0,5.0,1885.0,290.0,7779.0,54983.0,105.0,195.0,415.0,0.0,0.0,66.7,75.0,3.37,1235.0,25.0,42048.0,6040.0,48313.0,375.0,1495.0,72.2,966.7,3087.0,3262.0,880.0,7.7,625.0,1715.0,2630.0,1875.0,2630.0,100.0,7.4,10.0,35.0,140.0,493,2016S05100493,59,British Columbia,Mackenzie,,6.7,10.8,111,-123.092380848164,55.3355654954467,2
509,Marystown,16.3,170.0,66.2,80.0,55.0,35.0,70.0,5.0,1260.0,285.0,9629.0,45067.0,75.0,175.0,600.0,0.0,10.0,44.9,110.0,5.72,650.0,55.0,26022.0,8656.0,28181.0,265.0,1705.0,57.5,471.9,2868.0,2697.0,1070.0,20.4,240.0,985.0,2270.0,1580.0,2270.0,110.0,21.8,0.0,40.0,145.0,509,2016S05100509,10,Newfoundland and Labrador,Marystown,,2.8,6.5,0,-55.1828216092027,47.1610159715831,5
529,Merritt,15.3,295.0,62.6,125.0,80.0,85.0,110.0,10.0,2455.0,380.0,9304.0,38910.0,300.0,230.0,465.0,35.0,10.0,51.8,235.0,4.43,1575.0,70.0,27307.0,8880.0,29497.0,510.0,3125.0,56.8,1201.7,5447.0,5321.0,1405.0,18.1,795.0,2145.0,4345.0,2715.0,4345.0,145.0,9.1,30.0,110.0,445.0,529,2016S05100529,59,British Columbia,Merritt,,8.7,13.2,111,-120.784341707765,50.1095352187677,4
534,Minnedosa,16.3,205.0,58.4,130.0,230.0,80.0,45.0,5.0,1190.0,105.0,8990.0,40023.0,140.0,50.0,325.0,0.0,10.0,60.0,160.0,1.79,495.0,20.0,30549.0,8949.0,34377.0,120.0,1250.0,64.0,1220.0,2239.0,2178.0,650.0,16.0,260.0,1050.0,1875.0,1025.0,1870.0,50.0,5.8,0.0,50.0,175.0,534,2016S05100534,46,Manitoba,Minnedosa,,4.7,6.1,0,-99.8400212029685,50.2482922514447,2
539,Moncton,15.9,19635.0,67.1,4950.0,3390.0,885.0,1270.0,580.0,58760.0,4075.0,7632.0,41664.0,11360.0,1800.0,16870.0,425.0,425.0,61.6,5815.0,110.35,26490.0,2685.0,29925.0,6148.0,33336.0,5055.0,60565.0,66.9,984.3,103926.0,108620.0,38250.0,16.5,15475.0,51675.0,89410.0,58775.0,89410.0,2275.0,7.9,1140.0,1270.0,16035.0,539,2016S05100539,13,New Brunswick,Moncton,,3.8,4.7,0,-64.771480227293,46.0898422571905,35
544,Montague,12.6,95.0,56.6,45.0,90.0,60.0,30.0,15.0,730.0,60.0,11038.0,28417.0,45.0,25.0,140.0,0.0,0.0,41.2,75.0,2.11,260.0,40.0,21744.0,11558.0,23392.0,175.0,1210.0,53.2,867.6,1741.0,1834.0,340.0,33.7,225.0,540.0,1415.0,735.0,1415.0,40.0,23.2,0.0,45.0,95.0,544,2016S05100544,11,Prince Edward Island,Montague,,8.1,9.6,0,-62.6482678796887,46.167109656759,7
553,Morden,20.3,1120.0,61.6,410.0,175.0,45.0,125.0,20.0,4235.0,355.0,7577.0,39252.0,485.0,240.0,820.0,30.0,15.0,64.2,495.0,7.72,2310.0,110.0,29540.0,5939.0,33280.0,595.0,4395.0,68.7,1024.5,7284.0,7907.0,2070.0,16.8,1245.0,3775.0,6270.0,3910.0,6265.0,110.0,6.5,135.0,135.0,765.0,553,2016S05100553,46,Manitoba,Morden,,3.1,5.4,0,-98.1114181098616,49.1949092173416,5
555,Morris,18.4,145.0,63.0,70.0,80.0,95.0,50.0,0.0,925.0,70.0,7546.0,41348.0,80.0,30.0,150.0,10.0,10.0,63.9,105.0,2.63,435.0,15.0,30693.0,6064.0,34496.0,160.0,935.0,70.3,651.9,1666.0,1714.0,375.0,14.5,270.0,805.0,1345.0,810.0,1345.0,45.0,9.0,15.0,25.0,130.0,555,2016S05100555,46,Manitoba,Morris,,4.6,7.2,0,-97.3608992284439,49.3523761688162,2
567,Nakusp,14.2,55.0,57.5,50.0,35.0,20.0,35.0,5.0,570.0,65.0,9307.0,32343.0,50.0,30.0,155.0,0.0,0.0,51.5,75.0,1.2,295.0,10.0,24832.0,10424.0,26419.0,100.0,740.0,56.9,945.6,1094.0,1130.0,290.0,24.3,180.0,440.0,1005.0,570.0,1005.0,30.0,9.6,10.0,0.0,70.0,567,2016S05100567,59,British Columbia,Nakusp,,6.7,12.0,11,-117.801918837737,50.242042555396,1
568,Nanaimo,14.5,14470.0,63.3,3935.0,4115.0,1065.0,1700.0,470.0,44560.0,5055.0,8308.0,40636.0,7290.0,2975.0,10530.0,335.0,400.0,55.3,5755.0,72.63,17250.0,2295.0,29072.0,7347.0,32098.0,4655.0,55230.0,59.9,1266.7,85357.0,92004.0,29195.0,17.1,13490.0,38600.0,76090.0,47335.0,76095.0,2080.0,7.7,770.0,2515.0,11090.0,568,2016S05100568,59,British Columbia,Nanaimo,,4.7,4.7,0,-123.997462803671,49.1994806607458,32
572,Neepawa,18.9,210.0,63.3,150.0,80.0,45.0,45.0,10.0,2085.0,160.0,6442.0,38098.0,375.0,55.0,330.0,0.0,0.0,66.2,200.0,2.34,1580.0,30.0,31287.0,3611.0,35584.0,200.0,2180.0,69.3,1685.6,3111.0,3939.0,1065.0,10.9,810.0,1955.0,3055.0,2075.0,3050.0,100.0,4.7,25.0,130.0,440.0,572,2016S05100572,46,Manitoba,Neepawa,,4.6,8.9,0,-99.4641957919559,50.2299740742799,5
574,Nelson,15.1,1030.0,66.2,505.0,465.0,140.0,190.0,40.0,5680.0,530.0,7482.0,39812.0,1120.0,300.0,1480.0,55.0,55.0,60.4,745.0,6.87,2830.0,520.0,28547.0,5456.0,31303.0,345.0,6400.0,66.3,1552.3,10347.0,10664.0,4035.0,19.3,1485.0,4660.0,8705.0,5865.0,8705.0,230.0,8.9,95.0,185.0,1845.0,574,2016S05100574,59,British Columbia,Nelson,,7.1,5.1,100,-117.286990552382,49.4929772551292,7
608,Oliver,11.7,370.0,50.4,145.0,190.0,75.0,35.0,40.0,2080.0,290.0,10485.0,35099.0,175.0,215.0,600.0,15.0,0.0,43.6,290.0,5.0,1130.0,55.0,26266.0,11402.0,28557.0,230.0,3580.0,46.8,1056.2,5037.0,5279.0,1235.0,16.8,755.0,1795.0,4445.0,2220.0,4445.0,75.0,7.0,20.0,85.0,265.0,608,2016S05100608,59,British Columbia,Oliver,,8.3,9.2,1,-119.550228427645,49.1844998877823,3
612,Oromocto,21.4,1110.0,69.8,275.0,155.0,30.0,45.0,15.0,4445.0,345.0,6806.0,45307.0,635.0,100.0,1075.0,35.0,20.0,66.9,395.0,9.23,2725.0,140.0,39032.0,4640.0,45019.0,385.0,3595.0,71.8,954.2,8675.0,8805.0,2315.0,5.4,1710.0,4065.0,6305.0,4415.0,6305.0,240.0,6.8,20.0,40.0,850.0,612,2016S05100612,13,New Brunswick,Oromocto,,9.4,4.4,100,-66.4900533184113,45.8427812286143,7
615,Osoyoos,8.9,385.0,50.2,100.0,100.0,75.0,35.0,40.0,1715.0,315.0,10151.0,34940.0,145.0,180.0,410.0,0.0,0.0,41.6,160.0,4.18,880.0,90.0,25654.0,11430.0,27755.0,280.0,3160.0,44.6,1081.8,4210.0,4520.0,1030.0,18.2,590.0,1480.0,3875.0,1900.0,3875.0,140.0,6.6,20.0,55.0,255.0,615,2016S05100615,59,British Columbia,Osoyoos,,7.8,11.0,11,-119.460474805124,49.0365243305577,2
626,Parksville,8.3,1820.0,46.7,645.0,970.0,345.0,315.0,135.0,8305.0,1100.0,10765.0,42882.0,1270.0,565.0,2580.0,50.0,45.0,38.0,1055.0,21.84,3445.0,420.0,28865.0,12108.0,31918.0,775.0,16485.0,40.9,1079.5,22493.0,23574.0,5980.0,13.1,2525.0,6895.0,20645.0,9280.0,20650.0,530.0,6.9,140.0,390.0,1920.0,626,2016S05100626,59,British Columbia,Parksville,,5.0,3.7,0,-124.376572167462,49.3372455934817,13
632,Penticton,11.7,2930.0,58.5,1320.0,980.0,325.0,485.0,185.0,15755.0,1960.0,9541.0,41015.0,1935.0,1045.0,4070.0,110.0,65.0,51.0,1990.0,25.03,8770.0,550.0,27629.0,10089.0,30291.0,2040.0,21535.0,56.1,1343.2,32823.0,33617.0,9410.0,17.0,4940.0,13495.0,28615.0,16395.0,28620.0,920.0,9.1,230.0,485.0,2895.0,632,2016S05100632,59,British Columbia,Penticton,,5.5,5.5,0,-119.586243183928,49.4829698181669,16
645,Pinawa,9.7,155.0,51.3,55.0,45.0,10.0,35.0,0.0,535.0,55.0,9497.0,44981.0,125.0,40.0,200.0,0.0,10.0,43.2,55.0,1.55,215.0,35.0,37266.0,11440.0,43008.0,40.0,845.0,47.2,856.1,1324.0,1331.0,465.0,5.1,110.0,460.0,1145.0,615.0,1145.0,15.0,8.3,15.0,35.0,175.0,645,2016S05100645,46,Manitoba,Pinawa,,4.4,8.2,0,-95.8805809837588,50.1492571262939,3
654,Port Alberni,15.4,1245.0,60.8,670.0,380.0,200.0,665.0,95.0,8825.0,1425.0,9825.0,36259.0,655.0,840.0,2550.0,10.0,20.0,47.4,1115.0,27.63,5105.0,225.0,26617.0,10208.0,28861.0,2015.0,13240.0,52.9,749.6,20823.0,20712.0,5285.0,22.1,3040.0,7605.0,17170.0,10340.0,17170.0,580.0,10.4,80.0,325.0,995.0,654,2016S05100654,59,British Columbia,Port Alberni,,5.0,7.1,1,-124.808568858222,49.2595021667066,8
669,Portage la Prairie,19.6,985.0,61.8,640.0,150.0,85.0,325.0,35.0,6010.0,530.0,8540.0,39806.0,740.0,295.0,1440.0,10.0,15.0,57.2,715.0,9.43,3940.0,105.0,30109.0,6963.0,33626.0,1160.0,7130.0,61.7,1373.5,12613.0,12949.0,3050.0,20.2,1960.0,5485.0,9870.0,6160.0,9870.0,235.0,7.2,80.0,120.0,955.0,669,2016S05100669,46,Manitoba,Portage la Prairie,,4.8,6.4,0,-98.2882116718665,49.9705445314721,12
673,Powell River,13.0,815.0,59.3,515.0,330.0,75.0,185.0,70.0,5395.0,890.0,9847.0,39387.0,500.0,505.0,1465.0,50.0,35.0,48.8,685.0,17.31,3390.0,185.0,28232.0,10329.0,30934.0,740.0,7755.0,52.7,715.6,12374.0,12384.0,3425.0,17.1,2005.0,4795.0,10450.0,6160.0,10450.0,375.0,7.4,90.0,215.0,855.0,673,2016S05100673,59,British Columbia,Powell River,,4.2,4.1,0,-124.523607531136,49.8544162112758,8
679,Prince George,17.5,12840.0,68.1,2525.0,1675.0,475.0,985.0,190.0,35690.0,4185.0,7821.0,46447.0,4715.0,2710.0,7630.0,230.0,225.0,62.5,3315.0,70.18,15730.0,1375.0,32988.0,5722.0,36953.0,4835.0,35300.0,68.9,933.5,62623.0,65510.0,19635.0,13.9,10920.0,31705.0,52920.0,35390.0,52920.0,1480.0,9.3,385.0,885.0,6930.0,679,2016S05100679,59,British Columbia,Prince George,,4.2,5.5,0,-122.779904435565,53.9154426785258,21
680,Prince Rupert,18.3,1015.0,67.6,305.0,195.0,40.0,90.0,30.0,6230.0,875.0,8544.0,46098.0,600.0,500.0,1205.0,25.0,15.0,59.6,350.0,7.86,4055.0,130.0,31292.0,6728.0,34639.0,1250.0,6430.0,68.2,1492.3,11985.0,11733.0,3125.0,17.9,1965.0,5390.0,9370.0,6340.0,9365.0,380.0,12.7,80.0,190.0,850.0,680,2016S05100680,59,British Columbia,Prince Rupert,,4.3,5.5,101,-130.31351897199,54.3132593689419,12
681,Princeton,12.8,245.0,60.5,95.0,35.0,10.0,60.0,25.0,1205.0,210.0,10297.0,40538.0,115.0,130.0,330.0,0.0,0.0,49.7,145.0,4.48,740.0,35.0,26144.0,10894.0,28064.0,240.0,1650.0,53.1,613.0,2579.0,2745.0,735.0,20.0,440.0,1090.0,2315.0,1410.0,2315.0,75.0,6.5,10.0,35.0,160.0,681,2016S05100681,59,British Columbia,Princeton,,8.2,10.3,111,-120.513427391899,49.4581078522505,2
687,Quesnel,16.5,1295.0,64.2,310.0,205.0,35.0,230.0,50.0,5775.0,760.0,9172.0,41627.0,585.0,495.0,1235.0,15.0,10.0,53.7,445.0,24.47,3345.0,155.0,28499.0,8527.0,31130.0,1245.0,6900.0,60.0,493.0,12216.0,12064.0,2915.0,19.1,2155.0,5120.0,9815.0,6310.0,9815.0,270.0,10.5,60.0,95.0,825.0,687,2016S05100687,59,British Columbia,Quesnel,,4.8,9.5,1,-122.477559338914,52.9788064031582,7
700,Revelstoke,15.8,485.0,70.7,210.0,105.0,50.0,210.0,25.0,4020.0,715.0,7096.0,43539.0,630.0,395.0,870.0,20.0,10.0,64.7,460.0,10.79,2590.0,175.0,31974.0,4998.0,35712.0,375.0,3765.0,71.1,622.8,6298.0,6719.0,2640.0,12.0,1095.0,3450.0,5690.0,4110.0,5685.0,315.0,9.0,50.0,165.0,890.0,700,2016S05100700,59,British Columbia,Revelstoke,,6.7,10.2,111,-118.193620781562,50.9921560634305,2
710,Rivers,23.9,80.0,59.4,55.0,175.0,50.0,10.0,5.0,565.0,50.0,8055.0,38482.0,40.0,35.0,105.0,0.0,0.0,60.3,50.0,0.86,180.0,10.0,28416.0,7056.0,31936.0,120.0,665.0,66.7,1454.7,1149.0,1257.0,240.0,20.0,185.0,505.0,865.0,540.0,865.0,10.0,9.5,10.0,25.0,55.0,710,2016S05100710,46,Manitoba,Rivers,,3.5,9.3,1,-100.239212970773,50.032727264388,1
716,Roblin,17.3,60.0,51.4,35.0,15.0,10.0,30.0,15.0,650.0,80.0,10747.0,34913.0,55.0,50.0,155.0,10.0,0.0,47.0,60.0,2.57,400.0,0.0,25202.0,11194.0,27273.0,190.0,970.0,52.2,627.2,1705.0,1614.0,340.0,26.5,210.0,515.0,1265.0,735.0,1265.0,40.0,9.8,0.0,20.0,85.0,716,2016S05100716,46,Manitoba,Roblin,,4.9,7.3,0,-101.357448483729,51.2304500307438,2
730,Russell,16.8,125.0,55.6,30.0,65.0,30.0,30.0,5.0,665.0,95.0,8975.0,43811.0,85.0,30.0,145.0,10.0,0.0,56.3,75.0,1.51,365.0,20.0,29712.0,9488.0,32992.0,80.0,795.0,58.5,923.0,1371.0,1395.0,365.0,15.9,180.0,620.0,1140.0,620.0,1145.0,65.0,4.5,0.0,20.0,105.0,730,2016S05100730,46,Manitoba,Russell,,5.8,7.1,0,-101.283251787852,50.7798135534002,2
732,Sackville,12.5,240.0,58.9,140.0,140.0,40.0,25.0,10.0,1445.0,65.0,8867.0,44098.0,275.0,35.0,310.0,10.0,110.0,53.0,130.0,4.03,680.0,135.0,28387.0,8339.0,31147.0,90.0,1745.0,60.5,735.5,2912.0,2963.0,945.0,17.6,360.0,1130.0,2405.0,1395.0,2405.0,35.0,12.4,35.0,0.0,560.0,732,2016S05100732,13,New Brunswick,Sackville,,6.5,5.6,0,-64.3723732139746,45.8967757451285,6
734,Saint John,15.0,9740.0,65.4,2425.0,2050.0,670.0,615.0,410.0,28465.0,2355.0,8402.0,36925.0,4480.0,1175.0,8155.0,85.0,105.0,55.3,2855.0,58.27,12305.0,1190.0,27067.0,7175.0,29455.0,3695.0,33935.0,61.2,1001.2,60459.0,58341.0,17270.0,24.1,10000.0,25385.0,47900.0,30970.0,47900.0,1180.0,9.6,385.0,515.0,6245.0,734,2016S05100734,13,New Brunswick,Saint John,,4.2,6.6,0,-66.0981062351046,45.2895613464906,22
735,Salisbury,18.6,300.0,59.6,50.0,130.0,20.0,15.0,5.0,695.0,75.0,9015.0,32672.0,75.0,35.0,210.0,0.0,0.0,51.8,50.0,2.68,145.0,20.0,26528.0,8448.0,29120.0,95.0,905.0,56.2,572.5,1493.0,1534.0,375.0,19.3,250.0,610.0,1245.0,715.0,1245.0,40.0,7.1,0.0,0.0,90.0,735,2016S05100735,13,New Brunswick,Salisbury,,2.3,1.0,0,-65.03518792521,46.0277077510762,3
736,Salmon Arm,14.8,790.0,56.2,475.0,305.0,120.0,215.0,65.0,5780.0,670.0,9348.0,43661.0,795.0,405.0,1575.0,55.0,30.0,52.9,775.0,12.6,3555.0,200.0,28898.0,9767.0,31680.0,455.0,7550.0,56.5,1021.7,12218.0,12875.0,3680.0,13.6,1800.0,4985.0,10340.0,5935.0,10340.0,265.0,6.3,100.0,250.0,1180.0,736,2016S05100736,59,British Columbia,Salmon Arm,,4.9,4.9,0,-119.260259671357,50.7032433265655,7
745,Selkirk,16.4,560.0,62.1,440.0,680.0,430.0,195.0,30.0,4380.0,450.0,8970.0,38555.0,425.0,200.0,1215.0,0.0,20.0,53.2,690.0,5.87,2065.0,65.0,29495.0,7803.0,32817.0,745.0,5645.0,58.4,1676.7,9416.0,9839.0,2320.0,18.0,1565.0,3935.0,7690.0,4630.0,7685.0,255.0,9.0,50.0,95.0,560.0,745,2016S05100745,46,Manitoba,Selkirk,,5.4,5.2,0,-96.8862376583474,50.1367429198844,11
753,Shediac,11.5,1095.0,58.8,285.0,465.0,50.0,75.0,40.0,3385.0,260.0,9830.0,38924.0,535.0,110.0,1105.0,30.0,10.0,51.7,315.0,11.43,1250.0,105.0,27716.0,9968.0,30912.0,575.0,4405.0,58.1,628.4,6561.0,7184.0,2160.0,15.4,815.0,2930.0,5905.0,3550.0,5905.0,150.0,10.9,40.0,75.0,715.0,753,2016S05100753,13,New Brunswick,Shediac,,6.5,3.8,0,-64.5265312434759,46.2203191183752,10
759,Shilo CFB-BFC,27.8,115.0,72.2,45.0,85.0,10.0,20.0,0.0,970.0,75.0,2920.0,48271.0,115.0,25.0,160.0,0.0,0.0,85.8,50.0,1.23,685.0,0.0,47125.0,703.0,57399.0,85.0,840.0,89.5,1151.3,1421.0,1419.0,370.0,0.4,370.0,915.0,1095.0,820.0,1095.0,55.0,4.1,0.0,10.0,130.0,759,2016S05100759,46,Manitoba,Shilo CFB-BFC,,2.5,0.0,0,-99.6489743464852,49.8055696753096,3
760,Shippagan,13.4,145.0,60.9,70.0,65.0,30.0,25.0,5.0,900.0,80.0,10720.0,41999.0,160.0,35.0,175.0,0.0,0.0,47.7,80.0,2.78,470.0,35.0,25680.0,10664.0,28192.0,225.0,1345.0,54.4,767.5,2110.0,2130.0,540.0,21.4,240.0,730.0,1670.0,1010.0,1665.0,50.0,12.2,15.0,75.0,205.0,760,2016S05100760,13,New Brunswick,Shippagan,,6.4,11.3,10,-64.7186950453885,47.7432852185038,4
765,Smithers,18.0,305.0,66.1,190.0,40.0,80.0,125.0,10.0,2955.0,380.0,8218.0,45825.0,460.0,225.0,625.0,0.0,0.0,63.4,295.0,10.39,2045.0,120.0,33317.0,6432.0,37216.0,250.0,2750.0,69.4,514.9,5400.0,5351.0,1765.0,12.1,770.0,2595.0,4320.0,2780.0,4320.0,160.0,8.7,65.0,110.0,645.0,765,2016S05100765,59,British Columbia,Smithers,,6.0,7.2,0,-127.17179345406,54.7972271577761,5
771,Souris,17.9,70.0,58.1,115.0,235.0,55.0,35.0,10.0,990.0,105.0,8790.0,40722.0,80.0,50.0,250.0,15.0,0.0,59.6,155.0,2.27,465.0,0.0,31648.0,8120.0,36169.0,145.0,1020.0,64.5,826.5,1716.0,1876.0,495.0,15.7,255.0,855.0,1535.0,890.0,1535.0,55.0,7.6,20.0,20.0,120.0,771,2016S05100771,46,Manitoba,Souris,,3.2,5.6,0,-100.258239394415,49.6188755116515,4
776,Sparwood,18.6,325.0,67.8,95.0,295.0,135.0,140.0,5.0,1955.0,385.0,8644.0,58534.0,240.0,305.0,445.0,0.0,0.0,63.8,160.0,8.13,935.0,45.0,38592.0,6544.0,43328.0,175.0,1550.0,68.1,429.3,3511.0,3490.0,1150.0,8.3,680.0,1820.0,2885.0,2010.0,2885.0,85.0,6.6,0.0,40.0,280.0,776,2016S05100776,59,British Columbia,Sparwood,,6.4,10.0,11,-114.880596561523,49.7510570945105,4
778,Springdale,14.9,50.0,61.3,100.0,30.0,0.0,55.0,10.0,890.0,135.0,11312.0,41164.0,80.0,45.0,335.0,10.0,0.0,41.6,105.0,3.4,565.0,40.0,24912.0,11328.0,26688.0,185.0,1350.0,52.9,611.5,2043.0,2080.0,630.0,20.7,280.0,690.0,1720.0,1095.0,1720.0,85.0,21.4,10.0,20.0,135.0,778,2016S05100778,10,Newfoundland and Labrador,Springdale,,3.8,10.3,10,-56.0835408358883,49.5008078384117,6
781,Squamish,19.7,1300.0,69.2,800.0,645.0,1355.0,1320.0,30.0,10390.0,1100.0,6489.0,47597.0,2235.0,630.0,2230.0,105.0,95.0,71.2,1265.0,16.14,4050.0,625.0,34604.0,3485.0,39224.0,815.0,8640.0,75.5,1089.6,15554.0,17587.0,7110.0,9.8,2465.0,8655.0,13850.0,10390.0,13850.0,480.0,5.6,250.0,470.0,3310.0,781,2016S05100781,59,British Columbia,Squamish,,6.0,7.4,101,-123.138804114149,49.7325214583811,6
784,Saint Andrews,12.4,115.0,58.9,60.0,70.0,10.0,25.0,15.0,710.0,50.0,9870.0,46591.0,195.0,25.0,190.0,0.0,10.0,51.6,65.0,2.48,345.0,75.0,30234.0,9581.0,33440.0,30.0,900.0,57.1,605.7,1560.0,1501.0,530.0,16.6,115.0,565.0,1255.0,675.0,1255.0,30.0,9.7,10.0,10.0,280.0,784,2016S05100784,13,New Brunswick,Saint Andrews,,4.6,5.2,0,-67.0515108185907,45.0787305883164,3
786,St. Anthony,13.7,40.0,62.2,135.0,20.0,0.0,20.0,0.0,960.0,125.0,10104.0,46480.0,120.0,60.0,335.0,10.0,0.0,48.3,155.0,4.57,670.0,45.0,31360.0,9544.0,35136.0,140.0,1195.0,59.9,448.1,2147.0,2049.0,675.0,10.8,240.0,750.0,1635.0,1055.0,1635.0,60.0,19.9,0.0,30.0,185.0,786,2016S05100786,10,Newfoundland and Labrador,St. Anthony,,5.5,9.0,0,-55.5847150177346,51.3701206073137,2
792,St. John's,15.4,40085.0,69.5,7855.0,7500.0,1130.0,3375.0,495.0,96065.0,8695.0,7818.0,52313.0,19640.0,4525.0,29615.0,935.0,1340.0,60.0,10485.0,166.0,32860.0,7670.0,33767.0,5879.0,38158.0,8420.0,99100.0,65.7,1074.9,172312.0,178427.0,72005.0,12.6,21275.0,84945.0,148715.0,101700.0,148715.0,4175.0,8.6,1365.0,2745.0,30945.0,792,2016S05100792,10,Newfoundland and Labrador,St. John's,,3.5,5.2,0,-52.8146357857216,47.5509896873376,63
797,Saint-Quentin,13.7,125.0,63.9,75.0,0.0,25.0,45.0,10.0,1050.0,145.0,9533.0,35257.0,135.0,55.0,185.0,0.0,0.0,53.7,110.0,4.24,680.0,0.0,26981.0,8875.0,29536.0,300.0,1395.0,59.3,517.2,2095.0,2194.0,515.0,18.3,260.0,880.0,1780.0,1075.0,1780.0,90.0,9.5,15.0,30.0,160.0,797,2016S05100797,13,New Brunswick,Saint-Quentin,,4.8,7.1,0,-67.3892381502782,47.5097551315907,3
798,St. Stephen,15.6,115.0,62.1,60.0,80.0,40.0,100.0,25.0,1440.0,155.0,8980.0,34952.0,190.0,55.0,480.0,0.0,10.0,47.5,85.0,3.57,805.0,30.0,25229.0,8389.0,27218.0,195.0,1955.0,56.8,904.7,3520.0,3233.0,920.0,25.7,530.0,1140.0,2665.0,1650.0,2665.0,105.0,16.8,25.0,30.0,255.0,798,2016S05100798,13,New Brunswick,St. Stephen,,2.8,5.7,0,-67.2853246979046,45.1900367657623,6
872,Ste. Anne,22.7,250.0,59.3,70.0,175.0,120.0,135.0,5.0,985.0,115.0,7683.0,43490.0,100.0,80.0,270.0,0.0,0.0,63.0,100.0,4.23,220.0,25.0,31534.0,6571.0,35413.0,115.0,1110.0,66.7,499.4,1626.0,2114.0,570.0,12.2,335.0,895.0,1485.0,1025.0,1490.0,35.0,6.1,10.0,50.0,135.0,872,2016S05100872,46,Manitoba,Ste. Anne,,5.3,5.8,0,-96.6482707882074,49.6682963715014,3
887,Steinbach,21.7,1320.0,61.6,500.0,335.0,315.0,470.0,40.0,7485.0,525.0,7497.0,38601.0,1005.0,260.0,1375.0,70.0,10.0,64.1,675.0,14.28,4405.0,150.0,27727.0,5268.0,30498.0,1260.0,8195.0,67.7,1033.4,12798.0,14753.0,3430.0,17.5,2235.0,6845.0,11270.0,6920.0,11265.0,265.0,5.2,110.0,180.0,1340.0,887,2016S05100887,46,Manitoba,Steinbach,,3.0,4.5,0,-96.6782036802765,49.5234457740317,7
888,Stephenville,14.1,385.0,63.7,255.0,110.0,65.0,145.0,25.0,2885.0,530.0,10551.0,36603.0,335.0,255.0,1215.0,15.0,0.0,41.4,355.0,14.68,1725.0,155.0,24476.0,10963.0,26304.0,545.0,4655.0,51.0,484.6,7149.0,7114.0,2360.0,28.2,825.0,2430.0,6030.0,3725.0,6030.0,270.0,18.7,25.0,75.0,540.0,888,2016S05100888,10,Newfoundland and Labrador,Stephenville,,3.6,6.8,0,-58.5828993720884,48.5545272697082,10
894,Stonewall,18.3,445.0,65.8,220.0,745.0,300.0,100.0,5.0,2530.0,260.0,7340.0,53759.0,355.0,145.0,655.0,10.0,0.0,67.6,250.0,3.16,740.0,55.0,37419.0,4576.0,43925.0,160.0,2125.0,71.2,1469.0,4344.0,4644.0,1490.0,5.6,745.0,2325.0,3580.0,2395.0,3575.0,115.0,5.3,65.0,85.0,485.0,894,2016S05100894,46,Manitoba,Stonewall,,7.1,7.6,101,-97.3324301260675,50.1357499983991,3
895,Stony Mountain,15.3,240.0,76.0,50.0,265.0,75.0,30.0,5.0,785.0,90.0,7402.0,49250.0,65.0,30.0,185.0,0.0,0.0,72.3,70.0,1.82,125.0,15.0,38839.0,4056.0,45005.0,70.0,665.0,73.7,988.6,1776.0,1800.0,420.0,3.7,260.0,730.0,1065.0,750.0,1065.0,60.0,1.9,10.0,45.0,95.0,895,2016S05100895,46,Manitoba,Stony Mountain,,15.1,5.9,1100,-97.2190709385488,50.0900156103452,42
905,Summerside,15.8,1105.0,61.8,460.0,250.0,255.0,165.0,45.0,6905.0,475.0,9258.0,35596.0,890.0,175.0,1995.0,35.0,20.0,54.7,660.0,14.84,4165.0,290.0,26511.0,8970.0,29365.0,1045.0,8735.0,61.9,930.8,13872.0,13814.0,3875.0,20.5,2110.0,5945.0,11370.0,7025.0,11375.0,305.0,11.7,70.0,100.0,1300.0,905,2016S05100905,11,Prince Edward Island,Summerside,,3.9,5.7,0,-63.7878883389568,46.4071780513393,13
907,Sussex,15.8,265.0,59.6,180.0,125.0,125.0,155.0,30.0,2390.0,210.0,9205.0,35888.0,310.0,100.0,665.0,10.0,10.0,49.0,265.0,10.35,1360.0,60.0,24663.0,8604.0,26148.0,300.0,3245.0,57.2,511.8,5148.0,5298.0,1350.0,26.2,855.0,2025.0,4320.0,2505.0,4320.0,110.0,14.4,35.0,50.0,420.0,907,2016S05100907,13,New Brunswick,Sussex,,4.3,6.2,0,-65.4969191580373,45.7216667727165,8
911,Swan River,17.3,190.0,56.1,210.0,45.0,25.0,40.0,15.0,1790.0,110.0,10341.0,39252.0,205.0,50.0,460.0,10.0,0.0,55.8,230.0,6.26,1325.0,30.0,27986.0,9267.0,30330.0,275.0,2390.0,58.7,633.7,3865.0,3964.0,855.0,22.8,570.0,1615.0,3080.0,1700.0,3080.0,65.0,5.0,10.0,35.0,250.0,911,2016S05100911,46,Manitoba,Swan River,,6.9,10.2,11,-101.256723927867,52.1127705733411,5
922,Terrace,18.6,1025.0,67.0,520.0,160.0,255.0,305.0,25.0,7350.0,885.0,8621.0,46057.0,985.0,550.0,1740.0,45.0,15.0,61.8,700.0,19.47,4755.0,275.0,32890.0,6688.0,36617.0,1120.0,7210.0,69.0,701.6,13395.0,13663.0,4235.0,13.7,1930.0,6495.0,10870.0,7280.0,10870.0,330.0,10.4,90.0,190.0,1415.0,922,2016S05100922,59,British Columbia,Terrace,,4.1,3.8,0,-128.57946650754,54.5174179450733,6
927,The Pas,21.8,440.0,64.5,255.0,55.0,0.0,55.0,10.0,2745.0,260.0,8282.0,46953.0,315.0,155.0,625.0,20.0,15.0,65.5,315.0,5.25,1975.0,115.0,35017.0,5610.0,39441.0,385.0,2740.0,69.8,1022.1,5364.0,5368.0,1510.0,15.6,765.0,2530.0,3980.0,2665.0,3980.0,105.0,6.5,35.0,125.0,495.0,927,2016S05100927,46,Manitoba,The Pas,,10.2,15.0,1111,-101.242391676586,53.8129475576853,5
930,Thompson,25.1,935.0,69.1,425.0,105.0,50.0,125.0,10.0,7130.0,740.0,6177.0,55463.0,970.0,495.0,1335.0,20.0,10.0,70.2,580.0,7.88,5390.0,205.0,39189.0,2131.0,44866.0,1470.0,6120.0,76.0,1633.3,12074.0,12878.0,3635.0,13.8,1935.0,6610.0,9575.0,7035.0,9570.0,245.0,7.6,75.0,280.0,1280.0,930,2016S05100930,46,Manitoba,Thompson,,5.2,10.7,111,-97.8689344028415,55.7418894876401,5
946,Tracadie-Sheila,12.7,195.0,61.0,150.0,125.0,35.0,35.0,25.0,1315.0,220.0,10580.0,35164.0,200.0,110.0,305.0,10.0,0.0,43.6,200.0,6.03,680.0,35.0,23866.0,10446.0,25744.0,395.0,2015.0,52.5,527.7,3135.0,3184.0,885.0,26.9,320.0,1065.0,2590.0,1600.0,2590.0,110.0,17.3,35.0,70.0,285.0,946,2016S05100946,13,New Brunswick,Tracadie-Sheila,,6.2,6.1,0,-64.9194295090442,47.5166168233345,5
959,Ucluelet,16.8,125.0,70.2,35.0,180.0,40.0,25.0,5.0,1015.0,145.0,6682.0,39343.0,155.0,80.0,225.0,0.0,10.0,73.1,100.0,2.67,480.0,25.0,29427.0,4613.0,33229.0,85.0,920.0,78.1,590.5,1525.0,1576.0,625.0,14.3,290.0,845.0,1300.0,995.0,1300.0,65.0,5.9,25.0,50.0,205.0,959,2016S05100959,59,British Columbia,Ucluelet,,8.2,10.5,111,-125.543075697539,48.9344596996412,4
973,Vancouver,14.7,353215.0,70.2,77995.0,286050.0,129420.0,119175.0,36400.0,1.23125e6,85045.0,6023.0,45981.0,322305.0,45485.0,245380.0,13280.0,16760.0,62.2,115615.0,876.44,189095.0,104165.0,29011.0,2178.0,32086.0,105180.0,1.26356e6,66.0,2584.1,2.124443e6,2.264823e6,874370.0,16.9,312250.0,1.076965e6,1.90004e6,1.2918e6,1.90004e6,39550.0,5.9,33130.0,54305.0,489645.0,973,2016S05100973,59,British Columbia,Vancouver,,4.4,5.7,1,-122.901989500728,49.2072228092815,192
974,Vanderhoof,20.5,190.0,65.6,50.0,55.0,25.0,35.0,0.0,1140.0,95.0,8019.0,45603.0,130.0,65.0,210.0,10.0,0.0,67.4,90.0,2.92,745.0,35.0,33593.0,6144.0,36960.0,140.0,950.0,73.0,677.6,1980.0,1979.0,505.0,13.8,375.0,1050.0,1590.0,1025.0,1590.0,30.0,7.3,15.0,30.0,185.0,974,2016S05100974,59,British Columbia,Vanderhoof,,6.6,10.1,111,-124.003094204977,54.0175965451965,3
983,Vernon,14.8,5885.0,60.6,2075.0,1830.0,820.0,645.0,250.0,22850.0,2880.0,9030.0,42274.0,2940.0,1775.0,6140.0,165.0,75.0,54.1,2990.0,50.08,10550.0,870.0,29140.0,8642.0,32046.0,2515.0,28440.0,58.6,959.9,46125.0,48073.0,14215.0,15.0,7160.0,19730.0,39575.0,23890.0,39575.0,1105.0,7.7,315.0,830.0,4365.0,983,2016S05100983,59,British Columbia,Vernon,,4.8,6.4,0,-119.273622685765,50.2541779949861,22
984,Victoria,12.9,66675.0,65.7,14315.0,28425.0,8300.0,5205.0,2060.0,178340.0,14820.0,7382.0,48193.0,39430.0,8820.0,39730.0,1705.0,2880.0,60.5,20260.0,215.88,47645.0,14380.0,33282.0,5303.0,37458.0,12480.0,192855.0,64.1,1555.0,314596.0,335696.0,122170.0,13.2,43510.0,156245.0,282635.0,178165.0,282640.0,6000.0,5.6,3865.0,5350.0,62270.0,984,2016S05100984,59,British Columbia,Victoria,,5.1,4.8,0,-123.416587530942,48.5079108623541,98
991,Virden,16.9,120.0,58.9,115.0,95.0,65.0,35.0,10.0,1685.0,135.0,8160.0,47703.0,225.0,95.0,385.0,0.0,0.0,62.6,140.0,2.33,1160.0,30.0,32845.0,7387.0,37478.0,185.0,1700.0,68.9,1322.0,2863.0,3082.0,835.0,11.3,440.0,1470.0,2465.0,1460.0,2460.0,40.0,9.1,15.0,50.0,270.0,991,2016S05100991,46,Manitoba,Virden,,4.9,4.3,0,-100.93216733306,49.8496694598147,9
994,Wabana,15.8,25.0,62.4,25.0,20.0,0.0,120.0,10.0,380.0,75.0,12169.0,26535.0,25.0,15.0,145.0,0.0,0.0,27.9,65.0,2.36,115.0,0.0,19018.0,11731.0,19144.0,195.0,955.0,36.3,561.5,1417.0,1325.0,270.0,46.2,170.0,280.0,1075.0,630.0,1070.0,60.0,23.1,0.0,0.0,40.0,994,2016S05100994,10,Newfoundland and Labrador,Wabana,,5.1,12.9,11,-52.9484731244608,47.6398046343056,8
1021,White Rock,14.2,8775.0,60.6,3210.0,9045.0,4460.0,4990.0,595.0,44175.0,3210.0,7996.0,56269.0,10990.0,1915.0,10470.0,795.0,490.0,54.5,5065.0,53.54,8665.0,4130.0,34444.0,6933.0,38896.0,1910.0,51035.0,57.6,1750.6,85062.0,93729.0,33850.0,14.3,10990.0,35935.0,77895.0,46750.0,77890.0,1295.0,5.3,1450.0,2305.0,17860.0,1021,2016S05101021,59,British Columbia,White Rock,,4.6,5.8,0,-122.803648214343,49.0446753583437,167
1028,Williams Lake,16.8,765.0,64.3,295.0,145.0,185.0,355.0,20.0,5325.0,700.0,8534.0,42195.0,400.0,440.0,885.0,30.0,0.0,60.5,430.0,21.26,3380.0,115.0,30246.0,7155.0,33402.0,980.0,5725.0,65.4,494.2,10902.0,10508.0,2385.0,16.4,1980.0,4830.0,8295.0,5350.0,8295.0,255.0,7.6,40.0,205.0,595.0,1028,2016S05101028,59,British Columbia,Williams Lake,,6.4,6.0,101,-122.123514238627,52.1253960537055,6
1035,Winkler,25.1,1075.0,62.4,445.0,225.0,75.0,120.0,50.0,7130.0,380.0,6716.0,35072.0,615.0,155.0,1175.0,40.0,10.0,63.8,520.0,19.37,4900.0,90.0,26771.0,4137.0,29757.0,2305.0,7365.0,68.0,738.9,12273.0,14311.0,2565.0,19.7,1835.0,6395.0,10620.0,6700.0,10620.0,225.0,6.2,85.0,175.0,830.0,1035,2016S05101035,46,Manitoba,Winkler,,3.7,5.6,0,-97.9295155927275,49.1824673690486,12
1036,Winnipeg,16.8,150690.0,67.5,32540.0,81880.0,21125.0,13710.0,7775.0,379180.0,25885.0,6725.0,45344.0,88475.0,12440.0,80035.0,4000.0,3570.0,62.7,42865.0,343.99,77980.0,19590.0,31051.0,3364.0,35088.0,38480.0,405565.0,67.0,2069.6,670025.0,711925.0,242415.0,15.8,101280.0,345395.0,577155.0,382175.0,577155.0,13450.0,6.5,8850.0,12010.0,124485.0,1036,2016S05101036,46,Manitoba,Winnipeg,,3.3,3.9,0,-97.1433636525538,49.8860463105785,156
1038,Woodstock,15.8,485.0,63.0,130.0,120.0,10.0,35.0,25.0,1960.0,155.0,8582.0,36500.0,305.0,75.0,540.0,20.0,0.0,53.2,170.0,4.26,1090.0,65.0,26048.0,7497.0,27808.0,240.0,2450.0,58.2,1003.2,4287.0,4277.0,1155.0,23.4,775.0,1735.0,3420.0,2170.0,3420.0,80.0,8.5,35.0,35.0,425.0,1038,2016S05101038,13,New Brunswick,Woodstock,,5.1,7.0,0,-67.5787859755553,46.1544944696221,9
1047,One Hundred Mile House,13.5,95.0,57.7,40.0,10.0,20.0,35.0,10.0,645.0,80.0,9953.0,33828.0,45.0,40.0,125.0,10.0,0.0,43.8,70.0,2.4,415.0,10.0,24256.0,10923.0,25941.0,220.0,1055.0,49.3,753.9,1721.0,1811.0,305.0,28.3,280.0,570.0,1370.0,800.0,1365.0,35.0,10.4,10.0,35.0,75.0,1047,2016S05101047,59,British Columbia,One Hundred Mile House,,13.2,9.5,1101,-121.295926999694,51.6384346654592,3
1048,Abbotsford,18.2,16685.0,64.4,3890.0,8710.0,4160.0,5125.0,700.0,61475.0,5450.0,7784.0,39110.0,8355.0,2985.0,11240.0,460.0,210.0,60.2,5740.0,68.5,19660.0,2740.0,26751.0,5790.0,29161.0,9265.0,67715.0,64.7,1770.5,115011.0,121279.0,32360.0,13.6,20055.0,54335.0,96585.0,61685.0,96590.0,2465.0,7.0,1060.0,2840.0,12830.0,1048,2016S05101048,59,British Columbia,Abbotsford,,4.2,4.9,0,-122.298793731497,49.0491718666375,44
1087,Port Hardy,22.6,285.0,64.9,100.0,95.0,30.0,130.0,15.0,1750.0,215.0,8748.0,37966.0,105.0,95.0,345.0,15.0,10.0,57.0,145.0,5.14,1010.0,60.0,27072.0,7072.0,29483.0,565.0,2040.0,64.3,708.9,3552.0,3643.0,810.0,24.3,565.0,1550.0,2845.0,1945.0,2845.0,120.0,11.2,10.0,55.0,200.0,1087,2016S05101087,59,British Columbia,Port Hardy,,7.2,9.6,101,-127.501982118881,50.7228445870187,2
1098,Sooke,18.7,590.0,65.6,340.0,830.0,855.0,1090.0,30.0,4955.0,615.0,7941.0,42047.0,520.0,405.0,1370.0,10.0,25.0,62.8,495.0,12.2,1010.0,185.0,30116.0,6310.0,33680.0,635.0,4995.0,67.7,759.7,8238.0,9269.0,2845.0,15.7,1665.0,4375.0,7460.0,5145.0,7455.0,205.0,7.0,50.0,70.0,785.0,1098,2016S05101098,59,British Columbia,Sooke,,4.0,6.6,1,-123.732590001329,48.3793035019506,4
1105,Chatham - Douglastown,13.5,1315.0,60.9,450.0,190.0,65.0,125.0,50.0,5165.0,510.0,9739.0,36587.0,810.0,225.0,1600.0,20.0,0.0,47.5,610.0,24.72,2675.0,175.0,26978.0,9658.0,29347.0,575.0,7250.0,55.3,458.4,11443.0,11329.0,3320.0,19.6,1780.0,4375.0,9605.0,5675.0,9610.0,290.0,13.9,100.0,100.0,1110.0,1105,2016S05101105,13,New Brunswick,Chatham - Douglastown,,4.5,3.8,0,-65.5154048458467,47.0188073970145,12
1117,Summerland,11.9,1270.0,55.1,345.0,220.0,155.0,155.0,50.0,3775.0,410.0,9471.0,42057.0,545.0,280.0,1180.0,45.0,15.0,49.0,560.0,11.69,1310.0,205.0,28652.0,10003.0,31623.0,285.0,5210.0,53.1,748.1,8456.0,8742.0,2595.0,14.7,1150.0,3105.0,7180.0,4025.0,7175.0,135.0,7.7,60.0,120.0,880.0,1117,2016S05101117,59,British Columbia,Summerland,,6.9,6.7,0,-119.661872176966,49.5943098438057,3
1121,Cornwall,20.1,680.0,64.6,125.0,50.0,35.0,20.0,5.0,1270.0,135.0,7952.0,40002.0,290.0,75.0,380.0,10.0,15.0,59.5,165.0,2.33,320.0,60.0,30816.0,6024.0,34893.0,55.0,1325.0,65.6,1057.1,2499.0,2460.0,920.0,14.3,275.0,1105.0,1955.0,1260.0,1950.0,60.0,9.0,10.0,30.0,375.0,1121,2016S05101121,11,Prince Edward Island,Cornwall,,4.8,8.1,0,-63.2165566707659,46.2297243046687,4
1133,Niverville,29.0,340.0,62.3,170.0,610.0,355.0,155.0,5.0,2120.0,185.0,6791.0,49460.0,340.0,105.0,605.0,10.0,0.0,71.1,265.0,2.31,485.0,75.0,36972.0,3960.0,42182.0,215.0,1770.0,74.8,1771.1,3224.0,4083.0,1335.0,8.3,560.0,1940.0,2850.0,2110.0,2850.0,80.0,5.2,30.0,75.0,470.0,1133,2016S05101133,46,Manitoba,Niverville,,2.7,2.5,0,-97.0363020654825,49.6005404873807,13
1143,Elkford,21.4,205.0,69.4,35.0,275.0,105.0,20.0,5.0,935.0,205.0,7671.0,67565.0,85.0,170.0,250.0,0.0,0.0,65.3,45.0,2.89,250.0,15.0,47872.0,5420.0,56032.0,125.0,640.0,69.8,605.3,1791.0,1752.0,570.0,5.1,385.0,855.0,1340.0,1080.0,1340.0,35.0,5.9,10.0,20.0,100.0,1143,2016S05101143,59,British Columbia,Elkford,,5.9,9.8,1,-114.923743169716,50.0084807339705,2
1144,Logan Lake,13.2,125.0,52.1,15.0,45.0,15.0,15.0,10.0,405.0,145.0,11092.0,38968.0,10.0,105.0,105.0,0.0,0.0,35.7,55.0,0.94,130.0,10.0,27317.0,11435.0,29760.0,70.0,790.0,40.6,1284.2,1245.0,1208.0,265.0,18.3,185.0,335.0,1035.0,520.0,1035.0,35.0,10.7,0.0,10.0,10.0,1144,2016S05101144,59,British Columbia,Logan Lake,,8.3,16.7,111,-120.811596107358,50.4904402612394,0
1158,St. Leonard,16.0,150.0,61.6,35.0,50.0,0.0,10.0,5.0,455.0,65.0,9710.0,32114.0,60.0,30.0,80.0,0.0,0.0,49.7,50.0,1.63,195.0,10.0,24597.0,8960.0,26944.0,120.0,630.0,52.6,673.8,1059.0,1099.0,245.0,23.9,175.0,405.0,860.0,550.0,860.0,35.0,5.5,20.0,15.0,80.0,1158,2016S05101158,13,New Brunswick,St. Leonard,,4.1,2.3,0,-67.9237121337476,47.1699927703889,1
1171,Salmo,14.9,65.0,58.8,30.0,175.0,35.0,15.0,5.0,480.0,75.0,10789.0,34306.0,20.0,55.0,110.0,0.0,0.0,43.9,30.0,2.44,105.0,0.0,24048.0,10624.0,25707.0,110.0,755.0,49.0,467.0,1139.0,1141.0,245.0,23.9,220.0,395.0,990.0,570.0,990.0,15.0,10.3,0.0,20.0,30.0,1171,2016S05101171,59,British Columbia,Salmo,,6.5,8.9,101,-117.280267686729,49.1907412384931,2
1175,Lumby,18.8,195.0,59.8,50.0,95.0,15.0,35.0,10.0,650.0,130.0,9367.0,37858.0,50.0,65.0,135.0,0.0,0.0,52.5,90.0,1.14,215.0,10.0,26016.0,9376.0,28320.0,130.0,785.0,58.3,1140.4,1277.0,1303.0,360.0,21.9,220.0,555.0,1115.0,715.0,1115.0,65.0,10.8,0.0,30.0,65.0,1175,2016S05101175,59,British Columbia,Lumby,,5.9,8.0,0,-118.967815587045,50.2510302080727,1
1190,Port McNeill,18.4,150.0,69.2,45.0,115.0,30.0,80.0,0.0,1245.0,190.0,8462.0,48635.0,90.0,105.0,215.0,0.0,0.0,69.6,80.0,1.55,745.0,20.0,34489.0,6544.0,38096.0,280.0,1055.0,74.6,1333.7,2186.0,2064.0,565.0,12.1,335.0,1120.0,1675.0,1180.0,1680.0,85.0,6.8,20.0,20.0,135.0,1190,2016S05101190,59,British Columbia,Port McNeill,,4.6,5.6,0,-127.077600857154,50.5848263759665,2
1203,Pasadena,14.3,450.0,62.5,120.0,230.0,10.0,60.0,0.0,1245.0,180.0,10170.0,45580.0,230.0,80.0,445.0,0.0,10.0,44.1,145.0,3.53,255.0,50.0,33575.0,10101.0,37461.0,130.0,1730.0,52.5,793.4,2846.0,2800.0,1015.0,9.1,335.0,1015.0,2390.0,1480.0,2390.0,100.0,15.5,25.0,65.0,325.0,1203,2016S05101203,10,Newfoundland and Labrador,Pasadena,,6.3,9.3,0,-57.6037747004937,49.0136024417216,2
1217,Lions Bay,15.8,155.0,62.8,25.0,200.0,120.0,60.0,5.0,760.0,45.0,7580.0,70518.0,185.0,25.0,130.0,10.0,25.0,65.9,45.0,2.53,40.0,100.0,40896.0,5328.0,46976.0,25.0,650.0,68.6,526.7,1318.0,1334.0,595.0,7.5,115.0,580.0,1130.0,725.0,1130.0,15.0,3.9,45.0,60.0,360.0,1217,2016S05101217,59,British Columbia,Lions Bay,,3.1,4.7,0,-123.235691475081,49.4626392191933,29
1218,Aldergrove,20.5,2005.0,67.5,310.0,1415.0,640.0,675.0,30.0,6545.0,960.0,7442.0,40822.0,405.0,610.0,1490.0,10.0,15.0,66.0,535.0,6.9,1185.0,115.0,30411.0,4857.0,33719.0,945.0,6055.0,70.0,1738.9,12083.0,12007.0,3300.0,13.4,2390.0,5925.0,9490.0,6630.0,9490.0,340.0,5.6,70.0,235.0,615.0,1218,2016S05101218,59,British Columbia,Aldergrove,,4.1,6.8,1,-122.478776468342,49.0584065259936,31
1219,Sicamous,10.1,120.0,60.2,0.0,95.0,30.0,80.0,10.0,860.0,145.0,9220.0,41021.0,35.0,70.0,255.0,0.0,0.0,47.4,40.0,2.53,375.0,10.0,25459.0,10280.0,27538.0,205.0,1205.0,54.2,704.6,1843.0,1786.0,480.0,19.1,285.0,700.0,1605.0,960.0,1605.0,80.0,13.2,0.0,30.0,45.0,1219,2016S05101219,59,British Columbia,Sicamous,,7.0,9.2,1,-118.980370402502,50.8232641243614,0
1221,Houston,22.1,165.0,66.1,35.0,25.0,30.0,90.0,5.0,1080.0,200.0,9728.0,48895.0,85.0,140.0,240.0,0.0,0.0,56.6,55.0,2.94,630.0,20.0,30816.0,6856.0,34074.0,240.0,1010.0,64.1,722.0,2120.0,2126.0,570.0,16.5,420.0,935.0,1715.0,1225.0,1715.0,60.0,11.8,0.0,15.0,115.0,1221,2016S05101221,59,British Columbia,Houston,,9.5,16.0,111,-126.649911852707,54.3940496587888,2
1222,Dallas,19.3,1370.0,65.3,220.0,230.0,30.0,115.0,5.0,2500.0,430.0,8271.0,50669.0,260.0,300.0,625.0,10.0,10.0,64.6,305.0,6.47,495.0,85.0,36608.0,6664.0,41326.0,220.0,2220.0,68.9,692.3,4445.0,4479.0,1555.0,7.4,680.0,2235.0,3670.0,2460.0,3665.0,130.0,6.1,40.0,100.0,400.0,1222,2016S05101222,59,British Columbia,Dallas,,2.4,4.9,0,-120.167730903657,50.6587963778481,2
1225,Lac du Bonnet,14.2,55.0,53.7,25.0,20.0,30.0,45.0,5.0,415.0,60.0,10275.0,41933.0,95.0,30.0,60.0,0.0,10.0,41.5,40.0,2.15,200.0,0.0,27552.0,10784.0,31008.0,35.0,695.0,48.3,506.6,1069.0,1089.0,245.0,21.1,155.0,350.0,880.0,430.0,880.0,30.0,14.1,10.0,10.0,115.0,1225,2016S05101225,46,Manitoba,Lac du Bonnet,,9.0,14.1,111,-96.0621176056646,50.2528797927826,1
1240,Tumbler Ridge,20.5,75.0,66.2,40.0,125.0,20.0,130.0,5.0,940.0,190.0,9316.0,49317.0,60.0,135.0,200.0,15.0,10.0,49.4,85.0,2.82,390.0,10.0,32128.0,8437.0,35072.0,235.0,1045.0,64.2,704.0,2700.0,1982.0,540.0,15.2,325.0,735.0,1545.0,1105.0,1545.0,55.0,23.1,10.0,50.0,105.0,1240,2016S05101240,59,British Columbia,Tumbler Ridge,,4.3,9.7,1,-120.999218741495,55.1324644816671,2
1254,St. Adolphe,23.2,265.0,65.1,50.0,245.0,95.0,40.0,5.0,825.0,95.0,7490.0,50327.0,80.0,75.0,200.0,0.0,0.0,73.0,55.0,1.6,80.0,30.0,39077.0,5280.0,45632.0,45.0,645.0,77.2,853.9,1117.0,1362.0,445.0,2.9,300.0,725.0,1080.0,795.0,1080.0,20.0,6.0,15.0,30.0,120.0,1254,2016S05101254,46,Manitoba,St. Adolphe,,2.6,3.3,0,-97.1125644983887,49.673139786992,39
1257,Rossland,18.9,620.0,68.5,290.0,95.0,20.0,40.0,10.0,1780.0,220.0,7824.0,55012.0,445.0,160.0,425.0,110.0,20.0,63.8,455.0,2.86,705.0,190.0,36640.0,5242.0,41408.0,90.0,1620.0,69.0,1125.0,3134.0,3219.0,1525.0,9.5,315.0,1475.0,2600.0,1935.0,2600.0,60.0,7.5,40.0,80.0,795.0,1257,2016S05101257,59,British Columbia,Rossland,,4.3,6.2,0,-117.797829383289,49.0780593543451,1
1262,Duck Lake,14.0,1270.0,64.2,230.0,635.0,95.0,135.0,20.0,3725.0,400.0,8947.0,41617.0,365.0,265.0,1065.0,0.0,20.0,59.8,395.0,14.2,945.0,110.0,29816.0,7552.0,32792.0,415.0,4165.0,65.2,491.6,6764.0,6982.0,2085.0,12.7,1175.0,3080.0,5780.0,3675.0,5780.0,140.0,8.2,45.0,85.0,535.0,1262,2016S05101262,59,British Columbia,Duck Lake,,4.3,11.0,11,-119.421604645099,50.044101599912,8
1285,Humber Arm South,12.4,210.0,67.5,65.0,120.0,10.0,20.0,0.0,655.0,85.0,10662.0,36886.0,50.0,25.0,230.0,0.0,0.0,48.6,105.0,2.37,150.0,10.0,28075.0,11648.0,30656.0,175.0,830.0,61.0,492.0,1442.0,1168.0,390.0,15.8,155.0,505.0,1095.0,720.0,1095.0,60.0,20.3,0.0,20.0,55.0,1285,2016S05101285,10,Newfoundland and Labrador,Humber Arm South,,4.2,12.3,10,-58.1211461400066,49.0043919990095,1
1300,Sechelt,11.7,895.0,54.1,280.0,385.0,130.0,155.0,50.0,3765.0,510.0,9994.0,40284.0,480.0,260.0,975.0,35.0,15.0,46.6,430.0,11.23,1595.0,120.0,27665.0,10980.0,30244.0,400.0,5885.0,50.3,786.5,8060.0,8832.0,2375.0,16.5,1280.0,3155.0,7620.0,4060.0,7625.0,250.0,7.6,75.0,165.0,720.0,1300,2016S05101300,59,British Columbia,Sechelt,,5.8,8.7,1,-123.755382900527,49.4692158646161,6
1309,Whistler,11.0,1665.0,82.5,260.0,380.0,115.0,185.0,10.0,6210.0,475.0,3023.0,55256.0,1485.0,340.0,1245.0,55.0,40.0,82.2,515.0,11.54,2880.0,365.0,29595.0,520.0,33568.0,130.0,4790.0,86.3,755.2,7176.0,8713.0,4070.0,12.1,1330.0,5220.0,7215.0,5525.0,7215.0,130.0,4.9,185.0,225.0,2135.0,1309,2016S05101309,59,British Columbia,Whistler,,13.5,10.5,1211,-122.97077529676,50.1152470366698,4
1314,Cultus Lake,9.5,220.0,62.9,20.0,75.0,60.0,95.0,0.0,565.0,95.0,9628.0,52185.0,30.0,40.0,110.0,0.0,0.0,54.5,50.0,1.8,60.0,30.0,28459.0,9200.0,31744.0,80.0,695.0,58.0,585.7,1071.0,1053.0,300.0,16.7,185.0,505.0,1000.0,565.0,1000.0,55.0,6.9,10.0,15.0,75.0,1314,2016S05101314,59,British Columbia,Cultus Lake,,3.9,0.8,0,-121.969691761726,49.0717826344319,2
1325,Kent,15.1,395.0,54.9,90.0,210.0,65.0,90.0,15.0,1500.0,250.0,9908.0,36818.0,120.0,140.0,400.0,0.0,0.0,46.5,155.0,3.54,580.0,15.0,27328.0,10192.0,29976.0,270.0,2255.0,51.9,1073.6,3399.0,3802.0,870.0,15.6,630.0,1350.0,3045.0,1775.0,3045.0,110.0,10.4,15.0,70.0,150.0,1325,2016S05101325,59,British Columbia,Kent,,5.9,2.4,100,-121.76897681411,49.2365469330509,3
1350,Blind Bay,11.6,250.0,55.2,40.0,90.0,30.0,65.0,10.0,790.0,190.0,9859.0,41807.0,60.0,130.0,250.0,0.0,10.0,40.1,65.0,3.37,175.0,15.0,29835.0,10411.0,33248.0,80.0,1305.0,45.5,585.8,1915.0,1976.0,585.0,9.6,265.0,610.0,1760.0,930.0,1755.0,65.0,11.9,15.0,50.0,95.0,1350,2016S05101350,59,British Columbia,Blind Bay,,5.6,10.9,11,-119.384085359421,50.8788320675065,2
1351,Pemberton,23.2,275.0,72.2,40.0,405.0,80.0,55.0,5.0,1270.0,145.0,5018.0,42940.0,240.0,70.0,275.0,10.0,0.0,81.0,110.0,1.12,290.0,45.0,35861.0,2900.0,40797.0,75.0,905.0,86.4,1745.1,1738.0,1957.0,770.0,9.5,355.0,1105.0,1470.0,1200.0,1465.0,75.0,5.9,10.0,45.0,310.0,1351,2016S05101351,59,British Columbia,Pemberton,,6.4,9.7,101,-122.802128184998,50.3221760730868,2
1352,McEwen,10.6,460.0,69.9,50.0,60.0,10.0,15.0,5.0,885.0,60.0,7660.0,33943.0,115.0,20.0,395.0,0.0,0.0,61.6,95.0,0.83,265.0,25.0,29888.0,7029.0,33478.0,135.0,905.0,66.4,1763.4,1515.0,1462.0,620.0,11.6,215.0,805.0,1355.0,965.0,1355.0,40.0,7.2,0.0,25.0,140.0,1352,2016S05101352,13,New Brunswick,McEwen,,2.2,3.6,0,-64.7838089322001,46.1455314087415,17
1365,Oakbank,22.8,625.0,68.0,220.0,840.0,495.0,115.0,5.0,2650.0,310.0,6394.0,58040.0,515.0,200.0,720.0,15.0,0.0,72.1,355.0,5.38,350.0,95.0,43079.0,3454.0,51072.0,135.0,1960.0,74.8,856.1,3474.0,4604.0,1825.0,3.6,690.0,2415.0,3550.0,2650.0,3550.0,110.0,3.6,70.0,90.0,695.0,1365,2016S05101365,46,Manitoba,Oakbank,,1.9,5.5,0,-96.8424445816038,49.9375052023569,0
1373,Lorette,27.0,330.0,65.7,80.0,600.0,190.0,100.0,5.0,1550.0,190.0,6850.0,48780.0,170.0,100.0,470.0,0.0,0.0,68.5,165.0,3.11,200.0,25.0,38059.0,3565.0,44325.0,210.0,1305.0,71.2,934.8,2361.0,2904.0,930.0,8.3,430.0,1420.0,2190.0,1565.0,2190.0,80.0,3.8,30.0,45.0,220.0,1373,2016S05101373,46,Manitoba,Lorette,,2.6,6.2,0,-96.8683903736016,49.7410883398522,0
1375,Crofton,18.5,340.0,63.6,70.0,70.0,60.0,55.0,5.0,715.0,125.0,8139.0,34096.0,70.0,85.0,160.0,0.0,0.0,59.2,95.0,2.77,90.0,0.0,26829.0,7288.0,28885.0,110.0,800.0,63.2,495.7,1322.0,1373.0,395.0,23.8,245.0,620.0,1145.0,745.0,1145.0,45.0,6.9,10.0,35.0,70.0,1375,2016S05101375,59,British Columbia,Crofton,,3.5,6.7,1,-123.650585200715,48.8712039551371,0
1376,Roberts Creek,15.1,345.0,59.5,80.0,95.0,20.0,95.0,15.0,985.0,135.0,8301.0,45897.0,180.0,60.0,185.0,0.0,35.0,61.6,85.0,3.93,210.0,90.0,28496.0,7568.0,31801.0,50.0,1125.0,64.5,470.7,1771.0,1848.0,665.0,17.1,240.0,765.0,1550.0,960.0,1550.0,75.0,4.5,15.0,20.0,320.0,1376,2016S05101376,59,British Columbia,Roberts Creek,,5.3,10.2,11,-123.644297657616,49.4252039305808,0
1377,Harrison Hot Springs,9.7,55.0,54.0,50.0,110.0,10.0,45.0,5.0,480.0,55.0,10768.0,38003.0,50.0,15.0,160.0,0.0,10.0,42.1,70.0,1.24,170.0,10.0,28390.0,11952.0,31328.0,45.0,850.0,46.3,1001.5,1248.0,1242.0,290.0,15.6,230.0,385.0,1070.0,565.0,1070.0,40.0,8.1,0.0,10.0,70.0,1377,2016S05101377,59,British Columbia,Harrison Hot Springs,,7.3,15.5,111,-121.780890300579,49.2962386108668,0
1395,Starlight Village,21.2,705.0,68.2,105.0,105.0,0.0,25.0,5.0,1160.0,80.0,6321.0,63580.0,400.0,40.0,270.0,25.0,0.0,66.4,150.0,4.9,220.0,115.0,44123.0,4064.0,52736.0,0.0,840.0,69.3,433.7,2089.0,2127.0,945.0,3.1,220.0,1050.0,1680.0,1175.0,1680.0,40.0,4.3,20.0,30.0,570.0,1395,2016S05101395,13,New Brunswick,Starlight Village,,1.8,3.4,0,-66.7575366660122,45.8981914411109,4
1408,Aldergrove East,23.3,550.0,66.2,145.0,370.0,155.0,135.0,10.0,1765.0,175.0,7228.0,41438.0,275.0,105.0,280.0,0.0,10.0,69.5,160.0,2.55,385.0,25.0,27328.0,3461.0,29914.0,230.0,1795.0,71.9,1368.4,2383.0,3491.0,895.0,9.0,640.0,1600.0,2475.0,1760.0,2475.0,70.0,3.4,25.0,100.0,340.0,1408,2016S05101408,59,British Columbia,Aldergrove East,,2.6,2.1,0,-122.451425497928,49.0547099878183,1
1409,Miller's Landing,18.7,75.0,60.7,40.0,15.0,25.0,195.0,15.0,605.0,40.0,6718.0,54965.0,165.0,20.0,90.0,0.0,15.0,66.9,55.0,1.45,125.0,75.0,31808.0,4352.0,36224.0,0.0,565.0,69.7,754.2,1113.0,1097.0,435.0,11.9,105.0,425.0,875.0,545.0,880.0,20.0,4.1,30.0,25.0,285.0,1409,2016S05101409,59,British Columbia,Miller's Landing,,4.6,3.8,0,-123.334126013444,49.3848156286149,2
1410,Cowichan Bay,15.4,255.0,61.8,110.0,90.0,100.0,115.0,10.0,1055.0,130.0,9100.0,42730.0,180.0,60.0,290.0,10.0,20.0,53.1,140.0,3.35,350.0,90.0,31232.0,8203.0,34944.0,100.0,1385.0,56.0,714.2,2108.0,2394.0,810.0,12.8,255.0,905.0,1920.0,1165.0,1920.0,75.0,5.1,25.0,65.0,320.0,1410,2016S05101410,59,British Columbia,Cowichan Bay,,5.8,6.5,0,-123.613357241284,48.7353250121265,1
1411,Mitchell,30.5,205.0,63.2,70.0,45.0,95.0,180.0,5.0,1355.0,125.0,6330.0,36776.0,110.0,75.0,275.0,0.0,0.0,68.4,90.0,4.01,705.0,15.0,27896.0,3324.0,30976.0,305.0,1160.0,73.8,629.7,1915.0,2523.0,540.0,13.5,360.0,1220.0,1865.0,1210.0,1870.0,50.0,7.6,0.0,20.0,130.0,1411,2016S05101411,46,Manitoba,Mitchell,,1.8,6.2,0,-96.7635695943221,49.5334710349775,0
1412,Moose Lake,38.9,10.0,57.0,0.0,15.0,10.0,10.0,0.0,180.0,20.0,8373.0,18223.0,10.0,0.0,30.0,0.0,0.0,22.0,10.0,1.29,115.0,0.0,13536.0,4885.0,13536.0,250.0,590.0,32.6,951.9,1072.0,1225.0,75.0,37.0,90.0,150.0,700.0,415.0,705.0,15.0,32.6,0.0,10.0,10.0,1412,2016S05101412,46,Manitoba,Moose Lake,,15.8,18.6,1212,-100.330240326985,53.7009532828648,1
1413,St. Theresa Point,41.3,60.0,54.3,10.0,10.0,0.0,0.0,0.0,255.0,20.0,7113.0,18169.0,15.0,10.0,40.0,0.0,0.0,39.3,20.0,0.18,160.0,0.0,14112.0,1482.0,14112.0,235.0,515.0,45.9,5897.7,1057.0,1038.0,95.0,0.0,80.0,230.0,610.0,415.0,610.0,10.0,12.5,0.0,20.0,15.0,1413,2016S05101413,46,Manitoba,St. Theresa Point,,8.3,11.2,111,-94.8510960312824,53.8274984217974,0
1414,Grunthal,27.4,200.0,59.5,25.0,120.0,70.0,70.0,0.0,725.0,65.0,6620.0,35728.0,45.0,30.0,110.0,0.0,0.0,64.3,55.0,2.83,210.0,0.0,25600.0,4208.0,28237.0,245.0,830.0,68.5,593.7,1640.0,1680.0,235.0,22.4,180.0,675.0,1070.0,655.0,1065.0,25.0,6.8,10.0,10.0,45.0,1414,2016S05101414,46,Manitoba,Grunthal,,4.0,7.5,1,-96.860319858042,49.406510887787,0
1415,Gillam,28.5,65.0,67.6,10.0,50.0,20.0,0.0,5.0,560.0,90.0,4833.0,64744.0,60.0,65.0,105.0,0.0,0.0,70.0,10.0,1.06,375.0,15.0,42752.0,1316.0,48768.0,115.0,520.0,76.0,977.3,1248.0,1036.0,305.0,5.8,125.0,510.0,750.0,545.0,745.0,20.0,8.8,0.0,45.0,70.0,1415,2016S05101415,46,Manitoba,Gillam,,4.6,12.0,11,-94.7777573791577,56.3380305249951,4
1416,Blumenort,30.1,220.0,61.2,65.0,80.0,80.0,75.0,10.0,900.0,125.0,5626.0,39297.0,70.0,75.0,200.0,0.0,10.0,68.1,80.0,3.18,335.0,10.0,29648.0,3584.0,32176.0,210.0,810.0,73.8,526.3,1404.0,1675.0,435.0,15.2,280.0,800.0,1240.0,925.0,1240.0,50.0,7.1,0.0,30.0,80.0,1416,2016S05101416,46,Manitoba,Blumenort,,3.1,3.8,0,-96.7005962017309,49.6033285873716,0
1424,Welcome Beach,15.1,230.0,66.7,30.0,90.0,35.0,30.0,5.0,635.0,115.0,9277.0,38172.0,95.0,85.0,130.0,0.0,10.0,59.4,60.0,1.41,135.0,15.0,28960.0,7152.0,31936.0,40.0,640.0,63.4,799.5,1155.0,1125.0,390.0,13.8,250.0,520.0,1010.0,685.0,1005.0,35.0,6.2,15.0,20.0,125.0,1424,2016S05101424,59,British Columbia,Welcome Beach,,3.4,8.2,1,-123.877451504305,49.4763406075468,1
1444,Massey Drive,19.9,190.0,74.5,170.0,50.0,10.0,10.0,0.0,990.0,120.0,6884.0,53291.0,190.0,75.0,315.0,10.0,15.0,71.3,165.0,2.48,630.0,65.0,39552.0,4053.0,46165.0,60.0,775.0,75.9,658.7,1412.0,1632.0,780.0,6.1,135.0,890.0,1310.0,975.0,1310.0,40.0,6.6,20.0,50.0,295.0,1444,2016S05101444,10,Newfoundland and Labrador,Massey Drive,,2.4,7.6,0,-57.8935051424616,48.9365230053643,1
1445,Upper Island Cove,13.1,190.0,62.0,35.0,15.0,0.0,75.0,0.0,475.0,105.0,11075.0,38332.0,45.0,65.0,175.0,0.0,0.0,37.2,45.0,1.83,85.0,20.0,24043.0,11179.0,25152.0,105.0,835.0,48.2,622.7,1188.0,1142.0,345.0,19.7,195.0,365.0,995.0,645.0,995.0,45.0,21.9,0.0,0.0,60.0,1445,2016S05101445,10,Newfoundland and Labrador,Upper Island Cove,,2.9,8.6,0,-53.2125694026462,47.6485248498549,3
1451,New Maryland,18.7,475.0,66.4,70.0,65.0,20.0,20.0,0.0,1160.0,45.0,7806.0,57343.0,410.0,20.0,235.0,0.0,15.0,63.1,115.0,2.72,440.0,135.0,42112.0,6059.0,49152.0,15.0,1040.0,67.7,816.6,2253.0,2219.0,935.0,4.3,175.0,1020.0,1735.0,1130.0,1735.0,30.0,7.2,55.0,40.0,620.0,1451,2016S05101451,13,New Brunswick,New Maryland,,2.0,6.5,0,-66.6839585110609,45.904358513213,11
1452,Quispamsis - Rothesay,18.9,6325.0,64.6,1380.0,1250.0,350.0,330.0,30.0,12660.0,785.0,8014.0,57127.0,3630.0,455.0,3340.0,205.0,75.0,61.7,1720.0,36.1,2890.0,1025.0,38134.0,6483.0,43729.0,410.0,11405.0,66.2,677.2,23862.0,24445.0,9600.0,8.0,2590.0,11140.0,19435.0,12600.0,19435.0,325.0,6.8,285.0,250.0,5225.0,1452,2016S05101452,13,New Brunswick,Quispamsis - Rothesay,,2.9,2.6,0,-65.9780055749041,45.407673032489,11
1453,Richibucto 15,28.4,30.0,64.9,10.0,10.0,10.0,25.0,0.0,340.0,95.0,9546.0,22516.0,25.0,25.0,110.0,0.0,0.0,30.7,35.0,1.76,155.0,0.0,17808.0,8056.0,17830.0,145.0,625.0,51.3,597.9,1173.0,1053.0,240.0,0.0,130.0,225.0,745.0,515.0,745.0,70.0,40.3,0.0,0.0,25.0,1453,2016S05101453,13,New Brunswick,Richibucto 15,,2.8,2.7,0,-64.9931143855368,46.5891467277742,5
1454,Saint-Antoine,14.7,130.0,61.4,50.0,195.0,50.0,30.0,5.0,585.0,80.0,9262.0,38030.0,85.0,40.0,215.0,0.0,0.0,56.6,65.0,2.03,135.0,0.0,29440.0,8352.0,33024.0,120.0,695.0,59.7,616.1,1182.0,1252.0,380.0,14.6,195.0,535.0,980.0,700.0,980.0,35.0,5.1,0.0,0.0,85.0,1454,2016S05101454,13,New Brunswick,Saint-Antoine,,6.0,7.3,0,-64.7509571369843,46.3656301645358,1
1455,Wells,18.2,455.0,72.7,95.0,75.0,20.0,0.0,0.0,845.0,105.0,6658.0,47822.0,120.0,70.0,215.0,0.0,10.0,66.7,95.0,2.87,175.0,35.0,35968.0,5320.0,41574.0,40.0,585.0,72.6,440.9,1371.0,1266.0,505.0,6.3,270.0,735.0,1165.0,810.0,1165.0,30.0,7.6,10.0,15.0,160.0,1455,2016S05101455,13,New Brunswick,Wells,,1.6,1.6,0,-65.9368059948057,45.3820480033477,3
1530,Arborg,19.6,110.0,55.1,60.0,45.0,15.0,40.0,5.0,600.0,40.0,8211.0,40600.0,90.0,25.0,110.0,0.0,0.0,64.6,55.0,2.0,320.0,10.0,26893.0,7336.0,29280.0,95.0,665.0,66.9,612.0,1147.0,1222.0,255.0,21.1,230.0,540.0,905.0,575.0,905.0,10.0,3.3,10.0,10.0,100.0,1530,2016S05101530,46,Manitoba,Arborg,,5.0,7.5,0,-97.2163086498693,50.9092710381374,1
1531,Cross Lake 19A,37.2,65.0,59.6,30.0,15.0,10.0,20.0,0.0,405.0,55.0,6986.0,20943.0,50.0,30.0,100.0,0.0,0.0,27.5,60.0,3.34,240.0,0.0,12736.0,3436.0,12736.0,395.0,1035.0,39.8,603.3,991.0,2018.0,240.0,28.2,150.0,345.0,1255.0,790.0,1250.0,30.0,31.0,0.0,35.0,50.0,1531,2016S05101531,46,Manitoba,Cross Lake 19A,,8.0,7.2,201,-97.7559629193708,54.6491739738056,1
1532,Ile des Chnes,19.3,295.0,72.2,70.0,255.0,95.0,30.0,0.0,870.0,125.0,6619.0,47017.0,105.0,80.0,225.0,0.0,0.0,71.1,75.0,1.79,145.0,15.0,36407.0,2536.0,42055.0,105.0,775.0,73.6,855.5,1221.0,1528.0,515.0,9.2,265.0,820.0,1195.0,880.0,1195.0,45.0,3.4,10.0,35.0,125.0,1532,2016S05101532,46,Manitoba,Ile des Chnes,,2.5,5.8,0,-96.9905975914798,49.7113692620022,11
1533,La Salle,27.7,315.0,67.0,65.0,265.0,100.0,30.0,0.0,875.0,80.0,6486.0,68657.0,225.0,55.0,205.0,0.0,10.0,79.1,110.0,1.5,100.0,25.0,46208.0,2792.0,55840.0,40.0,625.0,81.4,1060.2,1529.0,1589.0,600.0,1.3,190.0,810.0,1070.0,830.0,1070.0,25.0,3.4,20.0,35.0,280.0,1533,2016S05101533,46,Manitoba,La Salle,,2.2,7.0,0,-97.2608598758284,49.6943662184816,9
1534,Landmark,24.7,145.0,68.0,25.0,200.0,100.0,40.0,0.0,685.0,80.0,7787.0,49692.0,85.0,60.0,110.0,0.0,0.0,73.1,35.0,2.22,130.0,20.0,35371.0,3224.0,40320.0,70.0,530.0,74.7,557.6,1247.0,1237.0,315.0,9.3,195.0,605.0,910.0,585.0,910.0,20.0,2.2,0.0,20.0,105.0,1534,2016S05101534,46,Manitoba,Landmark,,2.4,2.3,0,-96.8176713439249,49.6714473110419,0
1535,Oak Bluff,21.4,300.0,71.9,60.0,140.0,40.0,20.0,0.0,630.0,75.0,4815.0,72630.0,130.0,40.0,140.0,0.0,0.0,73.9,100.0,2.52,110.0,35.0,46805.0,1812.0,56192.0,10.0,435.0,77.6,417.0,581.0,1051.0,455.0,1.0,150.0,610.0,820.0,615.0,825.0,40.0,4.7,30.0,35.0,200.0,1535,2016S05101535,46,Manitoba,Oak Bluff,,2.7,15.1,11,-97.3345696485882,49.7759060581403,2
1536,St-Pierre-Jolys,22.2,125.0,59.4,45.0,90.0,60.0,60.0,5.0,585.0,45.0,7028.0,38987.0,80.0,25.0,125.0,0.0,0.0,67.3,60.0,2.66,200.0,0.0,31456.0,6084.0,35648.0,100.0,615.0,70.2,440.5,1099.0,1170.0,285.0,14.9,155.0,530.0,840.0,540.0,840.0,25.0,4.2,10.0,25.0,90.0,1536,2016S05101536,46,Manitoba,St-Pierre-Jolys,,3.8,10.3,10,-96.9867022957176,49.4401481785102,0
1537,Teulon,16.0,75.0,53.9,40.0,65.0,115.0,30.0,0.0,485.0,35.0,10540.0,40469.0,40.0,10.0,115.0,10.0,10.0,51.7,50.0,1.89,165.0,0.0,29888.0,10864.0,32480.0,70.0,655.0,55.1,580.8,1065.0,1095.0,215.0,17.1,195.0,450.0,885.0,475.0,885.0,25.0,6.2,0.0,15.0,50.0,1537,2016S05101537,46,Manitoba,Teulon,,6.4,9.3,0,-97.2598520423531,50.3842137382296,1
1555,Canoe,18.1,165.0,63.9,45.0,30.0,15.0,25.0,0.0,550.0,110.0,10743.0,41701.0,30.0,70.0,125.0,10.0,0.0,60.5,55.0,2.57,275.0,15.0,28128.0,8024.0,31104.0,75.0,620.0,64.5,421.4,1149.0,1081.0,315.0,14.4,155.0,505.0,865.0,545.0,865.0,35.0,6.3,0.0,30.0,55.0,1555,2016S05101555,59,British Columbia,Canoe,,6.6,7.4,0,-119.235043796097,50.7519417615785,0
1556,Fairwinds,4.4,90.0,44.5,35.0,70.0,0.0,40.0,10.0,325.0,45.0,10496.0,82602.0,105.0,20.0,130.0,0.0,10.0,27.6,50.0,2.2,50.0,65.0,38592.0,12728.0,43725.0,15.0,795.0,31.4,520.9,1060.0,1147.0,400.0,7.0,85.0,245.0,1055.0,500.0,1050.0,25.0,10.6,25.0,15.0,210.0,1556,2016S05101556,59,British Columbia,Fairwinds,,4.3,2.8,0,-124.134012465796,49.2817181658465,2
1557,Cobble Hill,10.2,310.0,52.0,135.0,220.0,145.0,195.0,15.0,1415.0,215.0,10498.0,46536.0,190.0,150.0,250.0,15.0,0.0,43.2,205.0,6.64,370.0,110.0,32875.0,11367.0,37106.0,160.0,2380.0,45.0,539.0,3337.0,3580.0,875.0,9.9,505.0,1230.0,3220.0,1535.0,3220.0,70.0,4.5,30.0,65.0,350.0,1557,2016S05101557,59,British Columbia,Cobble Hill,,4.0,7.6,1,-123.571904598418,48.6891854683958,3
1558,Keremeos,10.5,50.0,45.2,45.0,85.0,65.0,40.0,15.0,590.0,80.0,11030.0,31448.0,35.0,35.0,145.0,0.0,0.0,36.3,60.0,2.85,220.0,0.0,22528.0,12395.0,23592.0,155.0,1235.0,43.3,602.4,1479.0,1714.0,295.0,23.2,220.0,460.0,1425.0,670.0,1420.0,40.0,15.4,10.0,30.0,45.0,1558,2016S05101558,59,British Columbia,Keremeos,,8.5,8.8,100,-119.829273216621,49.2054588325195,2
1559,Ladner,15.8,2990.0,64.0,585.0,2810.0,1370.0,1175.0,65.0,12035.0,1160.0,8034.0,51936.0,2080.0,690.0,2765.0,40.0,75.0,62.7,1035.0,7.37,2425.0,575.0,35583.0,6560.0,40230.0,715.0,11920.0,65.2,3009.4,22179.0,22193.0,7335.0,7.9,3415.0,10770.0,18575.0,11460.0,18575.0,470.0,3.8,285.0,355.0,3050.0,1559,2016S05101559,59,British Columbia,Ladner,,2.9,4.5,0,-123.071484972143,49.092596697193,287
1560,Mission,19.4,4050.0,66.3,1030.0,2670.0,1765.0,2770.0,125.0,16535.0,2285.0,7762.0,40709.0,1520.0,1355.0,4005.0,35.0,60.0,62.2,1585.0,24.91,3680.0,345.0,29741.0,5834.0,32972.0,2585.0,17185.0,66.2,1335.2,31109.0,33261.0,9095.0,13.5,5825.0,14945.0,25470.0,17515.0,25465.0,935.0,6.1,220.0,625.0,2175.0,1560,2016S05101560,59,British Columbia,Mission,,5.6,6.8,1,-122.304248221247,49.149339828095,11
1561,Naramata,12.6,275.0,62.3,35.0,35.0,15.0,0.0,0.0,515.0,70.0,10040.0,46815.0,90.0,40.0,125.0,15.0,0.0,53.6,60.0,2.31,85.0,25.0,31339.0,8939.0,34944.0,35.0,560.0,58.6,433.7,915.0,1003.0,365.0,13.7,130.0,410.0,910.0,530.0,905.0,25.0,8.5,15.0,20.0,145.0,1561,2016S05101561,59,British Columbia,Naramata,,3.9,5.7,0,-119.583160294533,49.5929282216888,0
1562,Okanagan Falls,9.7,500.0,56.1,75.0,125.0,20.0,30.0,15.0,975.0,240.0,10243.0,39336.0,75.0,150.0,305.0,10.0,0.0,45.1,125.0,3.34,200.0,15.0,26912.0,11017.0,29680.0,145.0,1495.0,48.1,649.4,2080.0,2167.0,660.0,16.2,345.0,880.0,2060.0,1150.0,2060.0,85.0,6.1,10.0,15.0,105.0,1562,2016S05101562,59,British Columbia,Okanagan Falls,,5.7,7.2,0,-119.565232119775,49.3398673227176,1
1563,Peachland,9.9,490.0,57.4,195.0,550.0,190.0,125.0,20.0,2050.0,365.0,10102.0,43182.0,235.0,250.0,595.0,20.0,10.0,44.9,320.0,9.83,365.0,35.0,30544.0,10640.0,34013.0,280.0,3065.0,49.1,478.1,4527.0,4698.0,1370.0,12.1,720.0,1710.0,4230.0,2370.0,4230.0,115.0,8.7,25.0,75.0,335.0,1563,2016S05101563,59,British Columbia,Peachland,,3.3,7.6,1,-119.731583304245,49.779923733071,10
1564,Puntledge,16.5,175.0,65.5,80.0,70.0,15.0,80.0,5.0,805.0,155.0,8501.0,43560.0,85.0,95.0,200.0,0.0,10.0,63.3,80.0,3.47,330.0,20.0,30592.0,7424.0,33764.0,85.0,805.0,67.9,400.2,1358.0,1387.0,480.0,10.2,230.0,680.0,1185.0,800.0,1190.0,60.0,6.2,0.0,10.0,110.0,1564,2016S05101564,59,British Columbia,Puntledge,,3.1,6.0,0,-125.026826374603,49.6717879064736,9
1565,Rayleigh,17.1,625.0,69.1,90.0,125.0,25.0,65.0,0.0,1150.0,250.0,7630.0,49809.0,165.0,150.0,255.0,0.0,0.0,62.0,100.0,2.06,185.0,30.0,37746.0,6552.0,42470.0,130.0,960.0,66.9,948.1,2014.0,1951.0,760.0,5.9,405.0,1020.0,1745.0,1295.0,1745.0,105.0,6.8,10.0,45.0,205.0,1565,2016S05101565,59,British Columbia,Rayleigh,,2.0,7.5,1,-120.317225617397,50.7990448686817,2
1566,Rosedale,22.1,265.0,64.8,40.0,135.0,10.0,80.0,5.0,810.0,115.0,7627.0,42683.0,75.0,70.0,140.0,0.0,0.0,59.0,50.0,3.83,205.0,20.0,30592.0,4912.0,33938.0,140.0,900.0,63.3,454.5,1744.0,1741.0,415.0,9.5,310.0,700.0,1285.0,865.0,1280.0,50.0,6.8,10.0,50.0,105.0,1566,2016S05101566,59,British Columbia,Rosedale,,5.3,7.8,1,-121.786741023995,49.1837779753102,2
1567,Shawnigan - Mill Bay,16.6,795.0,66.5,245.0,655.0,525.0,590.0,25.0,3815.0,545.0,7626.0,47672.0,555.0,395.0,960.0,15.0,15.0,63.9,450.0,13.31,680.0,190.0,34800.0,6152.0,39141.0,270.0,3640.0,67.6,527.5,6543.0,7021.0,2565.0,10.5,1080.0,3250.0,5725.0,3915.0,5725.0,150.0,5.6,70.0,210.0,850.0,1567,2016S05101567,59,British Columbia,Shawnigan - Mill Bay,,4.3,5.5,0,-123.609412928444,48.6509978346195,1
1568,Telkwa,23.7,345.0,67.2,45.0,45.0,0.0,20.0,0.0,625.0,75.0,8590.0,46248.0,70.0,40.0,160.0,0.0,0.0,64.0,45.0,2.85,125.0,10.0,35584.0,5627.0,39680.0,90.0,520.0,71.4,406.9,1163.0,1160.0,365.0,6.9,200.0,530.0,880.0,650.0,880.0,35.0,11.2,10.0,40.0,85.0,1568,2016S05101568,59,British Columbia,Telkwa,,5.8,14.1,11,-127.057535524562,54.6893069892644,0
1569,Trail - Fruitvale,14.1,1740.0,61.5,465.0,520.0,120.0,115.0,45.0,5725.0,1015.0,9223.0,44275.0,550.0,730.0,1910.0,35.0,35.0,50.7,740.0,21.13,2660.0,130.0,31211.0,9200.0,34530.0,730.0,7315.0,55.2,598.3,12427.0,12643.0,3885.0,14.2,1850.0,5155.0,10585.0,6465.0,10585.0,285.0,8.1,55.0,155.0,800.0,1569,2016S05101569,59,British Columbia,Trail - Fruitvale,,6.1,7.9,0,-117.627321781109,49.0939521991339,6
1570,Tsawwassen,14.2,2010.0,59.5,530.0,2215.0,1310.0,1170.0,85.0,10705.0,860.0,8515.0,64242.0,2345.0,470.0,2395.0,45.0,80.0,57.0,920.0,12.91,2245.0,815.0,38327.0,7833.0,43661.0,340.0,11460.0,59.9,1672.0,21439.0,21588.0,7295.0,8.7,2805.0,8945.0,18080.0,10440.0,18080.0,385.0,4.8,310.0,445.0,3600.0,1570,2016S05101570,59,British Columbia,Tsawwassen,,3.0,6.6,0,-123.071793635025,49.017962122322,7
1575,Placentia,10.0,70.0,57.9,60.0,40.0,20.0,75.0,5.0,740.0,200.0,11299.0,38662.0,45.0,105.0,245.0,10.0,0.0,42.7,65.0,3.65,370.0,0.0,25371.0,11493.0,27248.0,140.0,1070.0,56.6,425.3,1598.0,1553.0,535.0,21.1,160.0,575.0,1375.0,835.0,1375.0,100.0,25.2,10.0,25.0,75.0,1575,2016S05101575,10,Newfoundland and Labrador,Placentia,,9.0,11.3,11,-53.9677987353085,47.2476146973856,6
1576,Cedar,17.3,400.0,71.0,75.0,140.0,40.0,20.0,0.0,980.0,135.0,7542.0,43754.0,90.0,80.0,255.0,10.0,0.0,63.6,105.0,2.25,260.0,15.0,32192.0,5104.0,36053.0,110.0,905.0,69.9,745.5,1595.0,1674.0,550.0,10.8,350.0,860.0,1430.0,1010.0,1435.0,55.0,9.5,10.0,45.0,115.0,1576,2016S05101576,59,British Columbia,Cedar,,2.3,4.1,0,-123.856286093459,49.1069429343024,0
